Notes	ManualCheck	MergeInto	RenameEntitySet	KeyParamGroup	EntitySet	ParamGroup	ArterialSpinLabelingType	BackgroundSuppression	BackgroundSuppressionNumberPulses	Cluster_EchoTime	Cluster_EffectiveEchoSpacing	Cluster_RepetitionTime	Cluster_TotalReadoutTime	Cluster_VoxelSizeDim1	Cluster_VoxelSizeDim2	Cluster_VoxelSizeDim3	Counts	Dim1Size	Dim2Size	Dim3Size	EchoTime	EffectiveEchoSpacing	EntitySetCount	FlipAngle	HasFieldmap	ImageOrientation	M0Type	Modality	MultibandAccelerationFactor	NSliceTimes	NumVolumes	Obliquity	PCASLType	ParallelReductionFactorInPlane	PartialFourier	PhaseEncodingDirection	RepetitionTime	TotalReadoutTime	UsedAsFieldmap	VoxelSizeDim1	VoxelSizeDim2	VoxelSizeDim3
				datatype-anat_reconstruction-norm_suffix-T1w__1	datatype-anat_reconstruction-norm_suffix-T1w	1				0.0		0.0		0.0	0.0	0.0	12	176	256	256	0.0029		12	8	False	RAS+		anat		0	1	False		2.0	1.0		2.5		False	1.0	1.0	1.0
				datatype-anat_suffix-T1w__1	datatype-anat_suffix-T1w	1				0.0		0.0		0.0	0.0	0.0	12	176	256	256	0.0029		12	8	False	RAS+		anat		0	1	False		2.0	1.0		2.5		False	1.0	1.0	1.0
				datatype-anat_suffix-TDP_acquisition-tr1__1	datatype-anat_suffix-TDP_acquisition-tr1	1				0.0		0.0		0.0	0.0	0.0	9	80	80	44	0.01078		11	120	False	LAS+		anat		0	1	False			1.0		5.0		False	3.0	3.0	3.0
			datatype-anat_suffix-TDP_acquisition-tr1VARIANTEchoTimeC1FlipAngle75	datatype-anat_suffix-TDP_acquisition-tr1__2	datatype-anat_suffix-TDP_acquisition-tr1	2				1.0		0.0		0.0	0.0	0.0	2	80	80	44	0.00823		11	75	False	LAS+		anat		0	1	False			1.0		5.0		False	3.0	3.0	3.0
				datatype-anat_suffix-TDP_acquisition-tr2__1	datatype-anat_suffix-TDP_acquisition-tr2	1				0.0		0.0		0.0	0.0	0.0	9	80	80	44	0.01078		11	120	False	LAS+		anat		0	1	False			1.0		5.0		False	3.0	3.0	3.0
			datatype-anat_suffix-TDP_acquisition-tr2VARIANTEchoTimeC1FlipAngle75	datatype-anat_suffix-TDP_acquisition-tr2__2	datatype-anat_suffix-TDP_acquisition-tr2	2				1.0		0.0		0.0	0.0	0.0	2	80	80	44	0.00823		11	75	False	LAS+		anat		0	1	False			1.0		5.0		False	3.0	3.0	3.0
				datatype-anat_echo-1_part-mag_run-01_suffix-MEGRE_acquisition-1p5mm__1	datatype-anat_echo-1_part-mag_run-01_suffix-MEGRE_acquisition-1p5mm	1				0.0		0.0		0.0	0.0	0.0	9	120	160	96	0.0075		9	15	False	RAS+		anat		0	1	False		2.0	1.0	i	0.035		False	1.5	1.5	1.5
				datatype-anat_echo-1_part-phase_run-01_suffix-MEGRE_acquisition-1p5mm__1	datatype-anat_echo-1_part-phase_run-01_suffix-MEGRE_acquisition-1p5mm	1				0.0		0.0		0.0	0.0	0.0	9	120	160	96	0.0075		9	15	False	RAS+		anat		0	1	False		2.0	1.0	i	0.035		False	1.5	1.5	1.5
				datatype-anat_echo-2_part-mag_run-01_suffix-MEGRE_acquisition-1p5mm__1	datatype-anat_echo-2_part-mag_run-01_suffix-MEGRE_acquisition-1p5mm	1				0.0		0.0		0.0	0.0	0.0	9	120	160	96	0.015		9	15	False	RAS+		anat		0	1	False		2.0	1.0	i	0.035		False	1.5	1.5	1.5
				datatype-anat_echo-2_part-phase_run-01_suffix-MEGRE_acquisition-1p5mm__1	datatype-anat_echo-2_part-phase_run-01_suffix-MEGRE_acquisition-1p5mm	1				0.0		0.0		0.0	0.0	0.0	9	120	160	96	0.015		9	15	False	RAS+		anat		0	1	False		2.0	1.0	i	0.035		False	1.5	1.5	1.5
				datatype-anat_echo-3_part-mag_run-01_suffix-MEGRE_acquisition-1p5mm__1	datatype-anat_echo-3_part-mag_run-01_suffix-MEGRE_acquisition-1p5mm	1				0.0		0.0		0.0	0.0	0.0	9	120	160	96	0.0225		9	15	False	RAS+		anat		0	1	False		2.0	1.0	i	0.035		False	1.5	1.5	1.5
				datatype-anat_echo-3_part-phase_run-01_suffix-MEGRE_acquisition-1p5mm__1	datatype-anat_echo-3_part-phase_run-01_suffix-MEGRE_acquisition-1p5mm	1				0.0		0.0		0.0	0.0	0.0	9	120	160	96	0.0225		9	15	False	RAS+		anat		0	1	False		2.0	1.0	i	0.035		False	1.5	1.5	1.5
				datatype-anat_echo-4_part-mag_run-01_suffix-MEGRE_acquisition-1p5mm__1	datatype-anat_echo-4_part-mag_run-01_suffix-MEGRE_acquisition-1p5mm	1				0.0		0.0		0.0	0.0	0.0	9	120	160	96	0.03		9	15	False	RAS+		anat		0	1	False		2.0	1.0	i	0.035		False	1.5	1.5	1.5
				datatype-anat_echo-4_part-phase_run-01_suffix-MEGRE_acquisition-1p5mm__1	datatype-anat_echo-4_part-phase_run-01_suffix-MEGRE_acquisition-1p5mm	1				0.0		0.0		0.0	0.0	0.0	9	120	160	96	0.03		9	15	False	RAS+		anat		0	1	False		2.0	1.0	i	0.035		False	1.5	1.5	1.5
				datatype-anat_reconstruction-norm_suffix-T2w__1	datatype-anat_reconstruction-norm_suffix-T2w	1				0.0		0.0		0.0	0.0	0.0	7	176	256	256	0.565		7	120	False	RAS+		anat		0	1	False		2.0	1.0	i	3.2		False	1.0	1.0	1.0
				datatype-anat_suffix-T2w__1	datatype-anat_suffix-T2w	1				0.0		0.0		0.0	0.0	0.0	7	176	256	256	0.565		7	120	False	RAS+		anat		0	1	False		2.0	1.0	i	3.2		False	1.0	1.0	1.0
				datatype-dwi_direction-AP_part-mag_run-01_suffix-dwi__1	datatype-dwi_direction-AP_part-mag_run-01_suffix-dwi	1				0.0	0.0	0.0	0.0	0.0	0.0	0.0	11	136	136	84	0.09	0.000389994	11	90	True	LAS+		dwi	4.0	84	104	False		2.0	0.875	j-	4.3	0.0526491	False	1.691176414489746	1.691176414489746	1.7000000476837158
				datatype-dwi_direction-AP_part-phase_run-01_suffix-dwi__1	datatype-dwi_direction-AP_part-phase_run-01_suffix-dwi	1				0.0	0.0	0.0	0.0	0.0	0.0	0.0	11	136	136	84	0.09	0.000389994	11	90	True	LAS+		dwi	4.0	84	104	False		2.0	0.875	j-	4.3	0.0526491	False	1.691176414489746	1.691176414489746	1.7000000476837158
				datatype-fmap_direction-AP_echo-1_fmap-epi_part-mag_run-01_suffix-epi_acquisition-func__1	datatype-fmap_direction-AP_echo-1_fmap-epi_part-mag_run-01_suffix-epi_acquisition-func	1				0.0	0.0	0.0	0.0	0.0	0.0	0.0	11	110	110	72	0.0208	0.000279996	12	90	False	LAS+		fmap		72	3	False		2.0	0.75	j-	13.693	0.0305196	False	2.0	2.0	2.0
			datatype-fmap_direction-AP_echo-1_fmap-epi_part-mag_run-01_suffix-epi_acquisition-funcVARIANTObliquityTrue	datatype-fmap_direction-AP_echo-1_fmap-epi_part-mag_run-01_suffix-epi_acquisition-func__2	datatype-fmap_direction-AP_echo-1_fmap-epi_part-mag_run-01_suffix-epi_acquisition-func	2				0.0	0.0	0.0	0.0	0.0	0.0	0.0	1	110	110	72	0.0208	0.000279996	12	90	False	LAS+		fmap		72	3	True		2.0	0.75	j-	13.693	0.0305196	False	2.0	2.0	2.0
				datatype-fmap_direction-AP_echo-1_fmap-epi_part-phase_run-01_suffix-epi_acquisition-func__1	datatype-fmap_direction-AP_echo-1_fmap-epi_part-phase_run-01_suffix-epi_acquisition-func	1				0.0	0.0	0.0	0.0	0.0	0.0	0.0	11	110	110	72	0.0208	0.000279996	12	90	False	LAS+		fmap		72	3	False		2.0	0.75	j-	13.693	0.0305196	False	2.0	2.0	2.0
			datatype-fmap_direction-AP_echo-1_fmap-epi_part-phase_run-01_suffix-epi_acquisition-funcVARIANTObliquityTrue	datatype-fmap_direction-AP_echo-1_fmap-epi_part-phase_run-01_suffix-epi_acquisition-func__2	datatype-fmap_direction-AP_echo-1_fmap-epi_part-phase_run-01_suffix-epi_acquisition-func	2				0.0	0.0	0.0	0.0	0.0	0.0	0.0	1	110	110	72	0.0208	0.000279996	12	90	False	LAS+		fmap		72	3	True		2.0	0.75	j-	13.693	0.0305196	False	2.0	2.0	2.0
				datatype-fmap_direction-AP_echo-2_fmap-epi_part-mag_run-01_suffix-epi_acquisition-func__1	datatype-fmap_direction-AP_echo-2_fmap-epi_part-mag_run-01_suffix-epi_acquisition-func	1				0.0	0.0	0.0	0.0	0.0	0.0	0.0	11	110	110	72	0.05848	0.000279996	12	90	False	LAS+		fmap		72	3	False		2.0	0.75	j-	13.693	0.0305196	False	2.0	2.0	2.0
			datatype-fmap_direction-AP_echo-2_fmap-epi_part-mag_run-01_suffix-epi_acquisition-funcVARIANTObliquityTrue	datatype-fmap_direction-AP_echo-2_fmap-epi_part-mag_run-01_suffix-epi_acquisition-func__2	datatype-fmap_direction-AP_echo-2_fmap-epi_part-mag_run-01_suffix-epi_acquisition-func	2				0.0	0.0	0.0	0.0	0.0	0.0	0.0	1	110	110	72	0.05848	0.000279996	12	90	False	LAS+		fmap		72	3	True		2.0	0.75	j-	13.693	0.0305196	False	2.0	2.0	2.0
				datatype-fmap_direction-AP_echo-2_fmap-epi_part-phase_run-01_suffix-epi_acquisition-func__1	datatype-fmap_direction-AP_echo-2_fmap-epi_part-phase_run-01_suffix-epi_acquisition-func	1				0.0	0.0	0.0	0.0	0.0	0.0	0.0	11	110	110	72	0.05848	0.000279996	12	90	False	LAS+		fmap		72	3	False		2.0	0.75	j-	13.693	0.0305196	False	2.0	2.0	2.0
			datatype-fmap_direction-AP_echo-2_fmap-epi_part-phase_run-01_suffix-epi_acquisition-funcVARIANTObliquityTrue	datatype-fmap_direction-AP_echo-2_fmap-epi_part-phase_run-01_suffix-epi_acquisition-func__2	datatype-fmap_direction-AP_echo-2_fmap-epi_part-phase_run-01_suffix-epi_acquisition-func	2				0.0	0.0	0.0	0.0	0.0	0.0	0.0	1	110	110	72	0.05848	0.000279996	12	90	False	LAS+		fmap		72	3	True		2.0	0.75	j-	13.693	0.0305196	False	2.0	2.0	2.0
				datatype-fmap_direction-AP_echo-3_fmap-epi_part-mag_run-01_suffix-epi_acquisition-func__1	datatype-fmap_direction-AP_echo-3_fmap-epi_part-mag_run-01_suffix-epi_acquisition-func	1				0.0	0.0	0.0	0.0	0.0	0.0	0.0	11	110	110	72	0.09616	0.000279996	12	90	False	LAS+		fmap		72	3	False		2.0	0.75	j-	13.693	0.0305196	False	2.0	2.0	2.0
			datatype-fmap_direction-AP_echo-3_fmap-epi_part-mag_run-01_suffix-epi_acquisition-funcVARIANTObliquityTrue	datatype-fmap_direction-AP_echo-3_fmap-epi_part-mag_run-01_suffix-epi_acquisition-func__2	datatype-fmap_direction-AP_echo-3_fmap-epi_part-mag_run-01_suffix-epi_acquisition-func	2				0.0	0.0	0.0	0.0	0.0	0.0	0.0	1	110	110	72	0.09616	0.000279996	12	90	False	LAS+		fmap		72	3	True		2.0	0.75	j-	13.693	0.0305196	False	2.0	2.0	2.0
				datatype-fmap_direction-AP_echo-3_fmap-epi_part-phase_run-01_suffix-epi_acquisition-func__1	datatype-fmap_direction-AP_echo-3_fmap-epi_part-phase_run-01_suffix-epi_acquisition-func	1				0.0	0.0	0.0	0.0	0.0	0.0	0.0	11	110	110	72	0.09616	0.000279996	12	90	False	LAS+		fmap		72	3	False		2.0	0.75	j-	13.693	0.0305196	False	2.0	2.0	2.0
			datatype-fmap_direction-AP_echo-3_fmap-epi_part-phase_run-01_suffix-epi_acquisition-funcVARIANTObliquityTrue	datatype-fmap_direction-AP_echo-3_fmap-epi_part-phase_run-01_suffix-epi_acquisition-func__2	datatype-fmap_direction-AP_echo-3_fmap-epi_part-phase_run-01_suffix-epi_acquisition-func	2				0.0	0.0	0.0	0.0	0.0	0.0	0.0	1	110	110	72	0.09616	0.000279996	12	90	False	LAS+		fmap		72	3	True		2.0	0.75	j-	13.693	0.0305196	False	2.0	2.0	2.0
				datatype-fmap_direction-AP_echo-4_fmap-epi_part-mag_run-01_suffix-epi_acquisition-func__1	datatype-fmap_direction-AP_echo-4_fmap-epi_part-mag_run-01_suffix-epi_acquisition-func	1				0.0	0.0	0.0	0.0	0.0	0.0	0.0	11	110	110	72	0.13384	0.000279996	12	90	False	LAS+		fmap		72	3	False		2.0	0.75	j-	13.693	0.0305196	False	2.0	2.0	2.0
			datatype-fmap_direction-AP_echo-4_fmap-epi_part-mag_run-01_suffix-epi_acquisition-funcVARIANTObliquityTrue	datatype-fmap_direction-AP_echo-4_fmap-epi_part-mag_run-01_suffix-epi_acquisition-func__2	datatype-fmap_direction-AP_echo-4_fmap-epi_part-mag_run-01_suffix-epi_acquisition-func	2				0.0	0.0	0.0	0.0	0.0	0.0	0.0	1	110	110	72	0.13384	0.000279996	12	90	False	LAS+		fmap		72	3	True		2.0	0.75	j-	13.693	0.0305196	False	2.0	2.0	2.0
				datatype-fmap_direction-AP_echo-4_fmap-epi_part-phase_run-01_suffix-epi_acquisition-func__1	datatype-fmap_direction-AP_echo-4_fmap-epi_part-phase_run-01_suffix-epi_acquisition-func	1				0.0	0.0	0.0	0.0	0.0	0.0	0.0	11	110	110	72	0.13384	0.000279996	12	90	False	LAS+		fmap		72	3	False		2.0	0.75	j-	13.693	0.0305196	False	2.0	2.0	2.0
			datatype-fmap_direction-AP_echo-4_fmap-epi_part-phase_run-01_suffix-epi_acquisition-funcVARIANTObliquityTrue	datatype-fmap_direction-AP_echo-4_fmap-epi_part-phase_run-01_suffix-epi_acquisition-func__2	datatype-fmap_direction-AP_echo-4_fmap-epi_part-phase_run-01_suffix-epi_acquisition-func	2				0.0	0.0	0.0	0.0	0.0	0.0	0.0	1	110	110	72	0.13384	0.000279996	12	90	False	LAS+		fmap		72	3	True		2.0	0.75	j-	13.693	0.0305196	False	2.0	2.0	2.0
				datatype-fmap_direction-AP_echo-5_fmap-epi_part-mag_run-01_suffix-epi_acquisition-func__1	datatype-fmap_direction-AP_echo-5_fmap-epi_part-mag_run-01_suffix-epi_acquisition-func	1				0.0	0.0	0.0	0.0	0.0	0.0	0.0	11	110	110	72	0.17152	0.000279996	12	90	False	LAS+		fmap		72	3	False		2.0	0.75	j-	13.693	0.0305196	False	2.0	2.0	2.0
			datatype-fmap_direction-AP_echo-5_fmap-epi_part-mag_run-01_suffix-epi_acquisition-funcVARIANTObliquityTrue	datatype-fmap_direction-AP_echo-5_fmap-epi_part-mag_run-01_suffix-epi_acquisition-func__2	datatype-fmap_direction-AP_echo-5_fmap-epi_part-mag_run-01_suffix-epi_acquisition-func	2				0.0	0.0	0.0	0.0	0.0	0.0	0.0	1	110	110	72	0.17152	0.000279996	12	90	False	LAS+		fmap		72	3	True		2.0	0.75	j-	13.693	0.0305196	False	2.0	2.0	2.0
				datatype-fmap_direction-AP_echo-5_fmap-epi_part-phase_run-01_suffix-epi_acquisition-func__1	datatype-fmap_direction-AP_echo-5_fmap-epi_part-phase_run-01_suffix-epi_acquisition-func	1				0.0	0.0	0.0	0.0	0.0	0.0	0.0	11	110	110	72	0.17152	0.000279996	12	90	False	LAS+		fmap		72	3	False		2.0	0.75	j-	13.693	0.0305196	False	2.0	2.0	2.0
			datatype-fmap_direction-AP_echo-5_fmap-epi_part-phase_run-01_suffix-epi_acquisition-funcVARIANTObliquityTrue	datatype-fmap_direction-AP_echo-5_fmap-epi_part-phase_run-01_suffix-epi_acquisition-func__2	datatype-fmap_direction-AP_echo-5_fmap-epi_part-phase_run-01_suffix-epi_acquisition-func	2				0.0	0.0	0.0	0.0	0.0	0.0	0.0	1	110	110	72	0.17152	0.000279996	12	90	False	LAS+		fmap		72	3	True		2.0	0.75	j-	13.693	0.0305196	False	2.0	2.0	2.0
				datatype-fmap_direction-AP_fmap-epi_part-mag_run-01_suffix-epi_acquisition-func__1	datatype-fmap_direction-AP_fmap-epi_part-mag_run-01_suffix-epi_acquisition-func	1				0.0	0.0	0.0	0.0	0.0	0.0	0.0	11	110	110	72	0.0208	0.000279996	12	90	False	LAS+		fmap		72	3	False		2.0	0.75	j-	13.693	0.0305196	True	2.0	2.0	2.0
			datatype-fmap_direction-AP_fmap-epi_part-mag_run-01_suffix-epi_acquisition-funcVARIANTObliquityTrue	datatype-fmap_direction-AP_fmap-epi_part-mag_run-01_suffix-epi_acquisition-func__2	datatype-fmap_direction-AP_fmap-epi_part-mag_run-01_suffix-epi_acquisition-func	2				0.0	0.0	0.0	0.0	0.0	0.0	0.0	1	110	110	72	0.0208	0.000279996	12	90	False	LAS+		fmap		72	3	True		2.0	0.75	j-	13.693	0.0305196	True	2.0	2.0	2.0
				datatype-fmap_direction-AP_fmap-epi_part-phase_run-01_suffix-epi_acquisition-func__1	datatype-fmap_direction-AP_fmap-epi_part-phase_run-01_suffix-epi_acquisition-func	1				0.0	0.0	0.0	0.0	0.0	0.0	0.0	11	110	110	72	0.0208	0.000279996	12	90	False	LAS+		fmap		72	3	False		2.0	0.75	j-	13.693	0.0305196	False	2.0	2.0	2.0
			datatype-fmap_direction-AP_fmap-epi_part-phase_run-01_suffix-epi_acquisition-funcVARIANTObliquityTrue	datatype-fmap_direction-AP_fmap-epi_part-phase_run-01_suffix-epi_acquisition-func__2	datatype-fmap_direction-AP_fmap-epi_part-phase_run-01_suffix-epi_acquisition-func	2				0.0	0.0	0.0	0.0	0.0	0.0	0.0	1	110	110	72	0.0208	0.000279996	12	90	False	LAS+		fmap		72	3	True		2.0	0.75	j-	13.693	0.0305196	False	2.0	2.0	2.0
				datatype-fmap_direction-PA_echo-1_fmap-epi_part-mag_run-01_suffix-epi_acquisition-func__1	datatype-fmap_direction-PA_echo-1_fmap-epi_part-mag_run-01_suffix-epi_acquisition-func	1				0.0	0.0	0.0	0.0	0.0	0.0	0.0	11	110	110	72	0.0208	0.000279996	12	90	False	LAS+		fmap		72	3	False		2.0	0.75	j	13.693	0.0305196	False	2.0	2.0	2.0
			datatype-fmap_direction-PA_echo-1_fmap-epi_part-mag_run-01_suffix-epi_acquisition-funcVARIANTObliquityTrue	datatype-fmap_direction-PA_echo-1_fmap-epi_part-mag_run-01_suffix-epi_acquisition-func__2	datatype-fmap_direction-PA_echo-1_fmap-epi_part-mag_run-01_suffix-epi_acquisition-func	2				0.0	0.0	0.0	0.0	0.0	0.0	0.0	1	110	110	72	0.0208	0.000279996	12	90	False	LAS+		fmap		72	3	True		2.0	0.75	j	13.693	0.0305196	False	2.0	2.0	2.0
				datatype-fmap_direction-PA_echo-1_fmap-epi_part-phase_run-01_suffix-epi_acquisition-func__1	datatype-fmap_direction-PA_echo-1_fmap-epi_part-phase_run-01_suffix-epi_acquisition-func	1				0.0	0.0	0.0	0.0	0.0	0.0	0.0	11	110	110	72	0.0208	0.000279996	12	90	False	LAS+		fmap		72	3	False		2.0	0.75	j	13.693	0.0305196	False	2.0	2.0	2.0
			datatype-fmap_direction-PA_echo-1_fmap-epi_part-phase_run-01_suffix-epi_acquisition-funcVARIANTObliquityTrue	datatype-fmap_direction-PA_echo-1_fmap-epi_part-phase_run-01_suffix-epi_acquisition-func__2	datatype-fmap_direction-PA_echo-1_fmap-epi_part-phase_run-01_suffix-epi_acquisition-func	2				0.0	0.0	0.0	0.0	0.0	0.0	0.0	1	110	110	72	0.0208	0.000279996	12	90	False	LAS+		fmap		72	3	True		2.0	0.75	j	13.693	0.0305196	False	2.0	2.0	2.0
				datatype-fmap_direction-PA_echo-2_fmap-epi_part-mag_run-01_suffix-epi_acquisition-func__1	datatype-fmap_direction-PA_echo-2_fmap-epi_part-mag_run-01_suffix-epi_acquisition-func	1				0.0	0.0	0.0	0.0	0.0	0.0	0.0	11	110	110	72	0.05848	0.000279996	12	90	False	LAS+		fmap		72	3	False		2.0	0.75	j	13.693	0.0305196	False	2.0	2.0	2.0
			datatype-fmap_direction-PA_echo-2_fmap-epi_part-mag_run-01_suffix-epi_acquisition-funcVARIANTObliquityTrue	datatype-fmap_direction-PA_echo-2_fmap-epi_part-mag_run-01_suffix-epi_acquisition-func__2	datatype-fmap_direction-PA_echo-2_fmap-epi_part-mag_run-01_suffix-epi_acquisition-func	2				0.0	0.0	0.0	0.0	0.0	0.0	0.0	1	110	110	72	0.05848	0.000279996	12	90	False	LAS+		fmap		72	3	True		2.0	0.75	j	13.693	0.0305196	False	2.0	2.0	2.0
				datatype-fmap_direction-PA_echo-2_fmap-epi_part-phase_run-01_suffix-epi_acquisition-func__1	datatype-fmap_direction-PA_echo-2_fmap-epi_part-phase_run-01_suffix-epi_acquisition-func	1				0.0	0.0	0.0	0.0	0.0	0.0	0.0	11	110	110	72	0.05848	0.000279996	12	90	False	LAS+		fmap		72	3	False		2.0	0.75	j	13.693	0.0305196	False	2.0	2.0	2.0
			datatype-fmap_direction-PA_echo-2_fmap-epi_part-phase_run-01_suffix-epi_acquisition-funcVARIANTObliquityTrue	datatype-fmap_direction-PA_echo-2_fmap-epi_part-phase_run-01_suffix-epi_acquisition-func__2	datatype-fmap_direction-PA_echo-2_fmap-epi_part-phase_run-01_suffix-epi_acquisition-func	2				0.0	0.0	0.0	0.0	0.0	0.0	0.0	1	110	110	72	0.05848	0.000279996	12	90	False	LAS+		fmap		72	3	True		2.0	0.75	j	13.693	0.0305196	False	2.0	2.0	2.0
				datatype-fmap_direction-PA_echo-3_fmap-epi_part-mag_run-01_suffix-epi_acquisition-func__1	datatype-fmap_direction-PA_echo-3_fmap-epi_part-mag_run-01_suffix-epi_acquisition-func	1				0.0	0.0	0.0	0.0	0.0	0.0	0.0	11	110	110	72	0.09616	0.000279996	12	90	False	LAS+		fmap		72	3	False		2.0	0.75	j	13.693	0.0305196	False	2.0	2.0	2.0
			datatype-fmap_direction-PA_echo-3_fmap-epi_part-mag_run-01_suffix-epi_acquisition-funcVARIANTObliquityTrue	datatype-fmap_direction-PA_echo-3_fmap-epi_part-mag_run-01_suffix-epi_acquisition-func__2	datatype-fmap_direction-PA_echo-3_fmap-epi_part-mag_run-01_suffix-epi_acquisition-func	2				0.0	0.0	0.0	0.0	0.0	0.0	0.0	1	110	110	72	0.09616	0.000279996	12	90	False	LAS+		fmap		72	3	True		2.0	0.75	j	13.693	0.0305196	False	2.0	2.0	2.0
				datatype-fmap_direction-PA_echo-3_fmap-epi_part-phase_run-01_suffix-epi_acquisition-func__1	datatype-fmap_direction-PA_echo-3_fmap-epi_part-phase_run-01_suffix-epi_acquisition-func	1				0.0	0.0	0.0	0.0	0.0	0.0	0.0	11	110	110	72	0.09616	0.000279996	12	90	False	LAS+		fmap		72	3	False		2.0	0.75	j	13.693	0.0305196	False	2.0	2.0	2.0
			datatype-fmap_direction-PA_echo-3_fmap-epi_part-phase_run-01_suffix-epi_acquisition-funcVARIANTObliquityTrue	datatype-fmap_direction-PA_echo-3_fmap-epi_part-phase_run-01_suffix-epi_acquisition-func__2	datatype-fmap_direction-PA_echo-3_fmap-epi_part-phase_run-01_suffix-epi_acquisition-func	2				0.0	0.0	0.0	0.0	0.0	0.0	0.0	1	110	110	72	0.09616	0.000279996	12	90	False	LAS+		fmap		72	3	True		2.0	0.75	j	13.693	0.0305196	False	2.0	2.0	2.0
				datatype-fmap_direction-PA_echo-4_fmap-epi_part-mag_run-01_suffix-epi_acquisition-func__1	datatype-fmap_direction-PA_echo-4_fmap-epi_part-mag_run-01_suffix-epi_acquisition-func	1				0.0	0.0	0.0	0.0	0.0	0.0	0.0	11	110	110	72	0.13384	0.000279996	12	90	False	LAS+		fmap		72	3	False		2.0	0.75	j	13.693	0.0305196	False	2.0	2.0	2.0
			datatype-fmap_direction-PA_echo-4_fmap-epi_part-mag_run-01_suffix-epi_acquisition-funcVARIANTObliquityTrue	datatype-fmap_direction-PA_echo-4_fmap-epi_part-mag_run-01_suffix-epi_acquisition-func__2	datatype-fmap_direction-PA_echo-4_fmap-epi_part-mag_run-01_suffix-epi_acquisition-func	2				0.0	0.0	0.0	0.0	0.0	0.0	0.0	1	110	110	72	0.13384	0.000279996	12	90	False	LAS+		fmap		72	3	True		2.0	0.75	j	13.693	0.0305196	False	2.0	2.0	2.0
				datatype-fmap_direction-PA_echo-4_fmap-epi_part-phase_run-01_suffix-epi_acquisition-func__1	datatype-fmap_direction-PA_echo-4_fmap-epi_part-phase_run-01_suffix-epi_acquisition-func	1				0.0	0.0	0.0	0.0	0.0	0.0	0.0	11	110	110	72	0.13384	0.000279996	12	90	False	LAS+		fmap		72	3	False		2.0	0.75	j	13.693	0.0305196	False	2.0	2.0	2.0
			datatype-fmap_direction-PA_echo-4_fmap-epi_part-phase_run-01_suffix-epi_acquisition-funcVARIANTObliquityTrue	datatype-fmap_direction-PA_echo-4_fmap-epi_part-phase_run-01_suffix-epi_acquisition-func__2	datatype-fmap_direction-PA_echo-4_fmap-epi_part-phase_run-01_suffix-epi_acquisition-func	2				0.0	0.0	0.0	0.0	0.0	0.0	0.0	1	110	110	72	0.13384	0.000279996	12	90	False	LAS+		fmap		72	3	True		2.0	0.75	j	13.693	0.0305196	False	2.0	2.0	2.0
				datatype-fmap_direction-PA_echo-5_fmap-epi_part-mag_run-01_suffix-epi_acquisition-func__1	datatype-fmap_direction-PA_echo-5_fmap-epi_part-mag_run-01_suffix-epi_acquisition-func	1				0.0	0.0	0.0	0.0	0.0	0.0	0.0	11	110	110	72	0.17152	0.000279996	12	90	False	LAS+		fmap		72	3	False		2.0	0.75	j	13.693	0.0305196	False	2.0	2.0	2.0
			datatype-fmap_direction-PA_echo-5_fmap-epi_part-mag_run-01_suffix-epi_acquisition-funcVARIANTObliquityTrue	datatype-fmap_direction-PA_echo-5_fmap-epi_part-mag_run-01_suffix-epi_acquisition-func__2	datatype-fmap_direction-PA_echo-5_fmap-epi_part-mag_run-01_suffix-epi_acquisition-func	2				0.0	0.0	0.0	0.0	0.0	0.0	0.0	1	110	110	72	0.17152	0.000279996	12	90	False	LAS+		fmap		72	3	True		2.0	0.75	j	13.693	0.0305196	False	2.0	2.0	2.0
				datatype-fmap_direction-PA_echo-5_fmap-epi_part-phase_run-01_suffix-epi_acquisition-func__1	datatype-fmap_direction-PA_echo-5_fmap-epi_part-phase_run-01_suffix-epi_acquisition-func	1				0.0	0.0	0.0	0.0	0.0	0.0	0.0	11	110	110	72	0.17152	0.000279996	12	90	False	LAS+		fmap		72	3	False		2.0	0.75	j	13.693	0.0305196	False	2.0	2.0	2.0
			datatype-fmap_direction-PA_echo-5_fmap-epi_part-phase_run-01_suffix-epi_acquisition-funcVARIANTObliquityTrue	datatype-fmap_direction-PA_echo-5_fmap-epi_part-phase_run-01_suffix-epi_acquisition-func__2	datatype-fmap_direction-PA_echo-5_fmap-epi_part-phase_run-01_suffix-epi_acquisition-func	2				0.0	0.0	0.0	0.0	0.0	0.0	0.0	1	110	110	72	0.17152	0.000279996	12	90	False	LAS+		fmap		72	3	True		2.0	0.75	j	13.693	0.0305196	False	2.0	2.0	2.0
				datatype-fmap_direction-PA_fmap-epi_part-mag_run-01_suffix-epi_acquisition-func__1	datatype-fmap_direction-PA_fmap-epi_part-mag_run-01_suffix-epi_acquisition-func	1				0.0	0.0	0.0	0.0	0.0	0.0	0.0	11	110	110	72	0.0208	0.000279996	12	90	False	LAS+		fmap		72	3	False		2.0	0.75	j	13.693	0.0305196	True	2.0	2.0	2.0
			datatype-fmap_direction-PA_fmap-epi_part-mag_run-01_suffix-epi_acquisition-funcVARIANTObliquityTrue	datatype-fmap_direction-PA_fmap-epi_part-mag_run-01_suffix-epi_acquisition-func__2	datatype-fmap_direction-PA_fmap-epi_part-mag_run-01_suffix-epi_acquisition-func	2				0.0	0.0	0.0	0.0	0.0	0.0	0.0	1	110	110	72	0.0208	0.000279996	12	90	False	LAS+		fmap		72	3	True		2.0	0.75	j	13.693	0.0305196	True	2.0	2.0	2.0
				datatype-fmap_direction-PA_fmap-epi_part-phase_run-01_suffix-epi_acquisition-func__1	datatype-fmap_direction-PA_fmap-epi_part-phase_run-01_suffix-epi_acquisition-func	1				0.0	0.0	0.0	0.0	0.0	0.0	0.0	11	110	110	72	0.0208	0.000279996	12	90	False	LAS+		fmap		72	3	False		2.0	0.75	j	13.693	0.0305196	False	2.0	2.0	2.0
			datatype-fmap_direction-PA_fmap-epi_part-phase_run-01_suffix-epi_acquisition-funcVARIANTObliquityTrue	datatype-fmap_direction-PA_fmap-epi_part-phase_run-01_suffix-epi_acquisition-func__2	datatype-fmap_direction-PA_fmap-epi_part-phase_run-01_suffix-epi_acquisition-func	2				0.0	0.0	0.0	0.0	0.0	0.0	0.0	1	110	110	72	0.0208	0.000279996	12	90	False	LAS+		fmap		72	3	True		2.0	0.75	j	13.693	0.0305196	False	2.0	2.0	2.0
				datatype-fmap_direction-PA_fmap-epi_part-mag_run-01_suffix-epi_acquisition-dwi__1	datatype-fmap_direction-PA_fmap-epi_part-mag_run-01_suffix-epi_acquisition-dwi	1				0.0	0.0	0.0	0.0	0.0	0.0	0.0	11	136	136	84	0.09	0.000389994	11	90	False	LAS+		fmap	4.0	84	8	False		2.0	0.875	j	4.3	0.0526491	True	1.691176414489746	1.691176414489746	1.7000000476837158
				datatype-fmap_direction-PA_fmap-epi_part-phase_run-01_suffix-epi_acquisition-dwi__1	datatype-fmap_direction-PA_fmap-epi_part-phase_run-01_suffix-epi_acquisition-dwi	1				0.0	0.0	0.0	0.0	0.0	0.0	0.0	11	136	136	84	0.09	0.000389994	11	90	False	LAS+		fmap	4.0	84	8	False		2.0	0.875	j	4.3	0.0526491	False	1.691176414489746	1.691176414489746	1.7000000476837158
				datatype-func_direction-PA_echo-1_part-mag_run-01_suffix-bold_task-rat__1	datatype-func_direction-PA_echo-1_part-mag_run-01_suffix-bold_task-rat	1				0.0	0.0	0.0	0.0	0.0	0.0	0.0	11	110	110	72	0.0142	0.000279996	12	68	False	LAS+		func	6.0	72	363	False		2.0	0.75	j	1.761	0.0305196	False	2.0	2.0	2.0
			datatype-func_direction-PA_echo-1_part-mag_run-01_suffix-bold_task-rat_acquisition-VARIANTObliquityTrue	datatype-func_direction-PA_echo-1_part-mag_run-01_suffix-bold_task-rat__2	datatype-func_direction-PA_echo-1_part-mag_run-01_suffix-bold_task-rat	2				0.0	0.0	0.0	0.0	0.0	0.0	0.0	1	110	110	72	0.0142	0.000279996	12	68	False	LAS+		func	6.0	72	363	True		2.0	0.75	j	1.761	0.0305196	False	2.0	2.0	2.0
				datatype-func_direction-PA_echo-1_part-mag_run-01_suffix-noRF_task-rat__1	datatype-func_direction-PA_echo-1_part-mag_run-01_suffix-noRF_task-rat	1				0.0	0.0	0.0	0.0	0.0	0.0	0.0	11	110	110	72	0.0142	0.000279996	12	68	False	LAS+		func	6.0	72	3	False		2.0	0.75	j	1.761	0.0305196	False	2.0	2.0	2.0
			datatype-func_direction-PA_echo-1_part-mag_run-01_suffix-noRF_task-rat_acquisition-VARIANTObliquityTrue	datatype-func_direction-PA_echo-1_part-mag_run-01_suffix-noRF_task-rat__2	datatype-func_direction-PA_echo-1_part-mag_run-01_suffix-noRF_task-rat	2				0.0	0.0	0.0	0.0	0.0	0.0	0.0	1	110	110	72	0.0142	0.000279996	12	68	False	LAS+		func	6.0	72	3	True		2.0	0.75	j	1.761	0.0305196	False	2.0	2.0	2.0
				datatype-func_direction-PA_echo-1_part-mag_run-01_suffix-sbref_task-rat__1	datatype-func_direction-PA_echo-1_part-mag_run-01_suffix-sbref_task-rat	1				0.0	0.0	0.0	0.0	0.0	0.0	0.0	11	110	110	72	0.0142	0.000279996	12	68	False	LAS+		func		72	1	False		2.0	0.75	j	1.761	0.0305196	False	2.0	2.0	2.0
			datatype-func_direction-PA_echo-1_part-mag_run-01_suffix-sbref_task-rat_acquisition-VARIANTObliquityTrue	datatype-func_direction-PA_echo-1_part-mag_run-01_suffix-sbref_task-rat__2	datatype-func_direction-PA_echo-1_part-mag_run-01_suffix-sbref_task-rat	2				0.0	0.0	0.0	0.0	0.0	0.0	0.0	1	110	110	72	0.0142	0.000279996	12	68	False	LAS+		func		72	1	True		2.0	0.75	j	1.761	0.0305196	False	2.0	2.0	2.0
				datatype-func_direction-PA_echo-1_part-phase_run-01_suffix-bold_task-rat__1	datatype-func_direction-PA_echo-1_part-phase_run-01_suffix-bold_task-rat	1				0.0	0.0	0.0	0.0	0.0	0.0	0.0	11	110	110	72	0.0142	0.000279996	12	68	False	LAS+		func	6.0	72	363	False		2.0	0.75	j	1.761	0.0305196	False	2.0	2.0	2.0
			datatype-func_direction-PA_echo-1_part-phase_run-01_suffix-bold_task-rat_acquisition-VARIANTObliquityTrue	datatype-func_direction-PA_echo-1_part-phase_run-01_suffix-bold_task-rat__2	datatype-func_direction-PA_echo-1_part-phase_run-01_suffix-bold_task-rat	2				0.0	0.0	0.0	0.0	0.0	0.0	0.0	1	110	110	72	0.0142	0.000279996	12	68	False	LAS+		func	6.0	72	363	True		2.0	0.75	j	1.761	0.0305196	False	2.0	2.0	2.0
				datatype-func_direction-PA_echo-1_part-phase_run-01_suffix-noRF_task-rat__1	datatype-func_direction-PA_echo-1_part-phase_run-01_suffix-noRF_task-rat	1				0.0	0.0	0.0	0.0	0.0	0.0	0.0	11	110	110	72	0.0142	0.000279996	12	68	False	LAS+		func	6.0	72	3	False		2.0	0.75	j	1.761	0.0305196	False	2.0	2.0	2.0
			datatype-func_direction-PA_echo-1_part-phase_run-01_suffix-noRF_task-rat_acquisition-VARIANTObliquityTrue	datatype-func_direction-PA_echo-1_part-phase_run-01_suffix-noRF_task-rat__2	datatype-func_direction-PA_echo-1_part-phase_run-01_suffix-noRF_task-rat	2				0.0	0.0	0.0	0.0	0.0	0.0	0.0	1	110	110	72	0.0142	0.000279996	12	68	False	LAS+		func	6.0	72	3	True		2.0	0.75	j	1.761	0.0305196	False	2.0	2.0	2.0
				datatype-func_direction-PA_echo-1_part-phase_run-01_suffix-sbref_task-rat__1	datatype-func_direction-PA_echo-1_part-phase_run-01_suffix-sbref_task-rat	1				0.0	0.0	0.0	0.0	0.0	0.0	0.0	11	110	110	72	0.0142	0.000279996	12	68	False	LAS+		func		72	1	False		2.0	0.75	j	1.761	0.0305196	False	2.0	2.0	2.0
			datatype-func_direction-PA_echo-1_part-phase_run-01_suffix-sbref_task-rat_acquisition-VARIANTObliquityTrue	datatype-func_direction-PA_echo-1_part-phase_run-01_suffix-sbref_task-rat__2	datatype-func_direction-PA_echo-1_part-phase_run-01_suffix-sbref_task-rat	2				0.0	0.0	0.0	0.0	0.0	0.0	0.0	1	110	110	72	0.0142	0.000279996	12	68	False	LAS+		func		72	1	True		2.0	0.75	j	1.761	0.0305196	False	2.0	2.0	2.0
				datatype-func_direction-PA_echo-2_part-mag_run-01_suffix-bold_task-rat__1	datatype-func_direction-PA_echo-2_part-mag_run-01_suffix-bold_task-rat	1				0.0	0.0	0.0	0.0	0.0	0.0	0.0	11	110	110	72	0.03893	0.000279996	12	68	False	LAS+		func	6.0	72	363	False		2.0	0.75	j	1.761	0.0305196	False	2.0	2.0	2.0
			datatype-func_direction-PA_echo-2_part-mag_run-01_suffix-bold_task-rat_acquisition-VARIANTObliquityTrue	datatype-func_direction-PA_echo-2_part-mag_run-01_suffix-bold_task-rat__2	datatype-func_direction-PA_echo-2_part-mag_run-01_suffix-bold_task-rat	2				0.0	0.0	0.0	0.0	0.0	0.0	0.0	1	110	110	72	0.03893	0.000279996	12	68	False	LAS+		func	6.0	72	363	True		2.0	0.75	j	1.761	0.0305196	False	2.0	2.0	2.0
				datatype-func_direction-PA_echo-2_part-mag_run-01_suffix-noRF_task-rat__1	datatype-func_direction-PA_echo-2_part-mag_run-01_suffix-noRF_task-rat	1				0.0	0.0	0.0	0.0	0.0	0.0	0.0	11	110	110	72	0.03893	0.000279996	12	68	False	LAS+		func	6.0	72	3	False		2.0	0.75	j	1.761	0.0305196	False	2.0	2.0	2.0
			datatype-func_direction-PA_echo-2_part-mag_run-01_suffix-noRF_task-rat_acquisition-VARIANTObliquityTrue	datatype-func_direction-PA_echo-2_part-mag_run-01_suffix-noRF_task-rat__2	datatype-func_direction-PA_echo-2_part-mag_run-01_suffix-noRF_task-rat	2				0.0	0.0	0.0	0.0	0.0	0.0	0.0	1	110	110	72	0.03893	0.000279996	12	68	False	LAS+		func	6.0	72	3	True		2.0	0.75	j	1.761	0.0305196	False	2.0	2.0	2.0
				datatype-func_direction-PA_echo-2_part-mag_run-01_suffix-sbref_task-rat__1	datatype-func_direction-PA_echo-2_part-mag_run-01_suffix-sbref_task-rat	1				0.0	0.0	0.0	0.0	0.0	0.0	0.0	11	110	110	72	0.03893	0.000279996	12	68	False	LAS+		func		72	1	False		2.0	0.75	j	1.761	0.0305196	False	2.0	2.0	2.0
			datatype-func_direction-PA_echo-2_part-mag_run-01_suffix-sbref_task-rat_acquisition-VARIANTObliquityTrue	datatype-func_direction-PA_echo-2_part-mag_run-01_suffix-sbref_task-rat__2	datatype-func_direction-PA_echo-2_part-mag_run-01_suffix-sbref_task-rat	2				0.0	0.0	0.0	0.0	0.0	0.0	0.0	1	110	110	72	0.03893	0.000279996	12	68	False	LAS+		func		72	1	True		2.0	0.75	j	1.761	0.0305196	False	2.0	2.0	2.0
				datatype-func_direction-PA_echo-2_part-phase_run-01_suffix-bold_task-rat__1	datatype-func_direction-PA_echo-2_part-phase_run-01_suffix-bold_task-rat	1				0.0	0.0	0.0	0.0	0.0	0.0	0.0	11	110	110	72	0.03893	0.000279996	12	68	False	LAS+		func	6.0	72	363	False		2.0	0.75	j	1.761	0.0305196	False	2.0	2.0	2.0
			datatype-func_direction-PA_echo-2_part-phase_run-01_suffix-bold_task-rat_acquisition-VARIANTObliquityTrue	datatype-func_direction-PA_echo-2_part-phase_run-01_suffix-bold_task-rat__2	datatype-func_direction-PA_echo-2_part-phase_run-01_suffix-bold_task-rat	2				0.0	0.0	0.0	0.0	0.0	0.0	0.0	1	110	110	72	0.03893	0.000279996	12	68	False	LAS+		func	6.0	72	363	True		2.0	0.75	j	1.761	0.0305196	False	2.0	2.0	2.0
				datatype-func_direction-PA_echo-2_part-phase_run-01_suffix-noRF_task-rat__1	datatype-func_direction-PA_echo-2_part-phase_run-01_suffix-noRF_task-rat	1				0.0	0.0	0.0	0.0	0.0	0.0	0.0	11	110	110	72	0.03893	0.000279996	12	68	False	LAS+		func	6.0	72	3	False		2.0	0.75	j	1.761	0.0305196	False	2.0	2.0	2.0
			datatype-func_direction-PA_echo-2_part-phase_run-01_suffix-noRF_task-rat_acquisition-VARIANTObliquityTrue	datatype-func_direction-PA_echo-2_part-phase_run-01_suffix-noRF_task-rat__2	datatype-func_direction-PA_echo-2_part-phase_run-01_suffix-noRF_task-rat	2				0.0	0.0	0.0	0.0	0.0	0.0	0.0	1	110	110	72	0.03893	0.000279996	12	68	False	LAS+		func	6.0	72	3	True		2.0	0.75	j	1.761	0.0305196	False	2.0	2.0	2.0
				datatype-func_direction-PA_echo-2_part-phase_run-01_suffix-sbref_task-rat__1	datatype-func_direction-PA_echo-2_part-phase_run-01_suffix-sbref_task-rat	1				0.0	0.0	0.0	0.0	0.0	0.0	0.0	11	110	110	72	0.03893	0.000279996	12	68	False	LAS+		func		72	1	False		2.0	0.75	j	1.761	0.0305196	False	2.0	2.0	2.0
			datatype-func_direction-PA_echo-2_part-phase_run-01_suffix-sbref_task-rat_acquisition-VARIANTObliquityTrue	datatype-func_direction-PA_echo-2_part-phase_run-01_suffix-sbref_task-rat__2	datatype-func_direction-PA_echo-2_part-phase_run-01_suffix-sbref_task-rat	2				0.0	0.0	0.0	0.0	0.0	0.0	0.0	1	110	110	72	0.03893	0.000279996	12	68	False	LAS+		func		72	1	True		2.0	0.75	j	1.761	0.0305196	False	2.0	2.0	2.0
				datatype-func_direction-PA_echo-3_part-mag_run-01_suffix-bold_task-rat__1	datatype-func_direction-PA_echo-3_part-mag_run-01_suffix-bold_task-rat	1				0.0	0.0	0.0	0.0	0.0	0.0	0.0	11	110	110	72	0.06366	0.000279996	12	68	False	LAS+		func	6.0	72	363	False		2.0	0.75	j	1.761	0.0305196	False	2.0	2.0	2.0
			datatype-func_direction-PA_echo-3_part-mag_run-01_suffix-bold_task-rat_acquisition-VARIANTObliquityTrue	datatype-func_direction-PA_echo-3_part-mag_run-01_suffix-bold_task-rat__2	datatype-func_direction-PA_echo-3_part-mag_run-01_suffix-bold_task-rat	2				0.0	0.0	0.0	0.0	0.0	0.0	0.0	1	110	110	72	0.06366	0.000279996	12	68	False	LAS+		func	6.0	72	363	True		2.0	0.75	j	1.761	0.0305196	False	2.0	2.0	2.0
				datatype-func_direction-PA_echo-3_part-mag_run-01_suffix-noRF_task-rat__1	datatype-func_direction-PA_echo-3_part-mag_run-01_suffix-noRF_task-rat	1				0.0	0.0	0.0	0.0	0.0	0.0	0.0	11	110	110	72	0.06366	0.000279996	12	68	False	LAS+		func	6.0	72	3	False		2.0	0.75	j	1.761	0.0305196	False	2.0	2.0	2.0
			datatype-func_direction-PA_echo-3_part-mag_run-01_suffix-noRF_task-rat_acquisition-VARIANTObliquityTrue	datatype-func_direction-PA_echo-3_part-mag_run-01_suffix-noRF_task-rat__2	datatype-func_direction-PA_echo-3_part-mag_run-01_suffix-noRF_task-rat	2				0.0	0.0	0.0	0.0	0.0	0.0	0.0	1	110	110	72	0.06366	0.000279996	12	68	False	LAS+		func	6.0	72	3	True		2.0	0.75	j	1.761	0.0305196	False	2.0	2.0	2.0
				datatype-func_direction-PA_echo-3_part-mag_run-01_suffix-sbref_task-rat__1	datatype-func_direction-PA_echo-3_part-mag_run-01_suffix-sbref_task-rat	1				0.0	0.0	0.0	0.0	0.0	0.0	0.0	11	110	110	72	0.06366	0.000279996	12	68	False	LAS+		func		72	1	False		2.0	0.75	j	1.761	0.0305196	False	2.0	2.0	2.0
			datatype-func_direction-PA_echo-3_part-mag_run-01_suffix-sbref_task-rat_acquisition-VARIANTObliquityTrue	datatype-func_direction-PA_echo-3_part-mag_run-01_suffix-sbref_task-rat__2	datatype-func_direction-PA_echo-3_part-mag_run-01_suffix-sbref_task-rat	2				0.0	0.0	0.0	0.0	0.0	0.0	0.0	1	110	110	72	0.06366	0.000279996	12	68	False	LAS+		func		72	1	True		2.0	0.75	j	1.761	0.0305196	False	2.0	2.0	2.0
				datatype-func_direction-PA_echo-3_part-phase_run-01_suffix-bold_task-rat__1	datatype-func_direction-PA_echo-3_part-phase_run-01_suffix-bold_task-rat	1				0.0	0.0	0.0	0.0	0.0	0.0	0.0	11	110	110	72	0.06366	0.000279996	12	68	False	LAS+		func	6.0	72	363	False		2.0	0.75	j	1.761	0.0305196	False	2.0	2.0	2.0
			datatype-func_direction-PA_echo-3_part-phase_run-01_suffix-bold_task-rat_acquisition-VARIANTObliquityTrue	datatype-func_direction-PA_echo-3_part-phase_run-01_suffix-bold_task-rat__2	datatype-func_direction-PA_echo-3_part-phase_run-01_suffix-bold_task-rat	2				0.0	0.0	0.0	0.0	0.0	0.0	0.0	1	110	110	72	0.06366	0.000279996	12	68	False	LAS+		func	6.0	72	363	True		2.0	0.75	j	1.761	0.0305196	False	2.0	2.0	2.0
				datatype-func_direction-PA_echo-3_part-phase_run-01_suffix-noRF_task-rat__1	datatype-func_direction-PA_echo-3_part-phase_run-01_suffix-noRF_task-rat	1				0.0	0.0	0.0	0.0	0.0	0.0	0.0	11	110	110	72	0.06366	0.000279996	12	68	False	LAS+		func	6.0	72	3	False		2.0	0.75	j	1.761	0.0305196	False	2.0	2.0	2.0
			datatype-func_direction-PA_echo-3_part-phase_run-01_suffix-noRF_task-rat_acquisition-VARIANTObliquityTrue	datatype-func_direction-PA_echo-3_part-phase_run-01_suffix-noRF_task-rat__2	datatype-func_direction-PA_echo-3_part-phase_run-01_suffix-noRF_task-rat	2				0.0	0.0	0.0	0.0	0.0	0.0	0.0	1	110	110	72	0.06366	0.000279996	12	68	False	LAS+		func	6.0	72	3	True		2.0	0.75	j	1.761	0.0305196	False	2.0	2.0	2.0
				datatype-func_direction-PA_echo-3_part-phase_run-01_suffix-sbref_task-rat__1	datatype-func_direction-PA_echo-3_part-phase_run-01_suffix-sbref_task-rat	1				0.0	0.0	0.0	0.0	0.0	0.0	0.0	11	110	110	72	0.06366	0.000279996	12	68	False	LAS+		func		72	1	False		2.0	0.75	j	1.761	0.0305196	False	2.0	2.0	2.0
			datatype-func_direction-PA_echo-3_part-phase_run-01_suffix-sbref_task-rat_acquisition-VARIANTObliquityTrue	datatype-func_direction-PA_echo-3_part-phase_run-01_suffix-sbref_task-rat__2	datatype-func_direction-PA_echo-3_part-phase_run-01_suffix-sbref_task-rat	2				0.0	0.0	0.0	0.0	0.0	0.0	0.0	1	110	110	72	0.06366	0.000279996	12	68	False	LAS+		func		72	1	True		2.0	0.75	j	1.761	0.0305196	False	2.0	2.0	2.0
				datatype-func_direction-PA_echo-4_part-mag_run-01_suffix-bold_task-rat__1	datatype-func_direction-PA_echo-4_part-mag_run-01_suffix-bold_task-rat	1				0.0	0.0	0.0	0.0	0.0	0.0	0.0	11	110	110	72	0.08839	0.000279996	12	68	False	LAS+		func	6.0	72	363	False		2.0	0.75	j	1.761	0.0305196	False	2.0	2.0	2.0
			datatype-func_direction-PA_echo-4_part-mag_run-01_suffix-bold_task-rat_acquisition-VARIANTObliquityTrue	datatype-func_direction-PA_echo-4_part-mag_run-01_suffix-bold_task-rat__2	datatype-func_direction-PA_echo-4_part-mag_run-01_suffix-bold_task-rat	2				0.0	0.0	0.0	0.0	0.0	0.0	0.0	1	110	110	72	0.08839	0.000279996	12	68	False	LAS+		func	6.0	72	363	True		2.0	0.75	j	1.761	0.0305196	False	2.0	2.0	2.0
				datatype-func_direction-PA_echo-4_part-mag_run-01_suffix-noRF_task-rat__1	datatype-func_direction-PA_echo-4_part-mag_run-01_suffix-noRF_task-rat	1				0.0	0.0	0.0	0.0	0.0	0.0	0.0	11	110	110	72	0.08839	0.000279996	12	68	False	LAS+		func	6.0	72	3	False		2.0	0.75	j	1.761	0.0305196	False	2.0	2.0	2.0
			datatype-func_direction-PA_echo-4_part-mag_run-01_suffix-noRF_task-rat_acquisition-VARIANTObliquityTrue	datatype-func_direction-PA_echo-4_part-mag_run-01_suffix-noRF_task-rat__2	datatype-func_direction-PA_echo-4_part-mag_run-01_suffix-noRF_task-rat	2				0.0	0.0	0.0	0.0	0.0	0.0	0.0	1	110	110	72	0.08839	0.000279996	12	68	False	LAS+		func	6.0	72	3	True		2.0	0.75	j	1.761	0.0305196	False	2.0	2.0	2.0
				datatype-func_direction-PA_echo-4_part-mag_run-01_suffix-sbref_task-rat__1	datatype-func_direction-PA_echo-4_part-mag_run-01_suffix-sbref_task-rat	1				0.0	0.0	0.0	0.0	0.0	0.0	0.0	11	110	110	72	0.08839	0.000279996	12	68	False	LAS+		func		72	1	False		2.0	0.75	j	1.761	0.0305196	False	2.0	2.0	2.0
			datatype-func_direction-PA_echo-4_part-mag_run-01_suffix-sbref_task-rat_acquisition-VARIANTObliquityTrue	datatype-func_direction-PA_echo-4_part-mag_run-01_suffix-sbref_task-rat__2	datatype-func_direction-PA_echo-4_part-mag_run-01_suffix-sbref_task-rat	2				0.0	0.0	0.0	0.0	0.0	0.0	0.0	1	110	110	72	0.08839	0.000279996	12	68	False	LAS+		func		72	1	True		2.0	0.75	j	1.761	0.0305196	False	2.0	2.0	2.0
				datatype-func_direction-PA_echo-4_part-phase_run-01_suffix-bold_task-rat__1	datatype-func_direction-PA_echo-4_part-phase_run-01_suffix-bold_task-rat	1				0.0	0.0	0.0	0.0	0.0	0.0	0.0	11	110	110	72	0.08839	0.000279996	12	68	False	LAS+		func	6.0	72	363	False		2.0	0.75	j	1.761	0.0305196	False	2.0	2.0	2.0
			datatype-func_direction-PA_echo-4_part-phase_run-01_suffix-bold_task-rat_acquisition-VARIANTObliquityTrue	datatype-func_direction-PA_echo-4_part-phase_run-01_suffix-bold_task-rat__2	datatype-func_direction-PA_echo-4_part-phase_run-01_suffix-bold_task-rat	2				0.0	0.0	0.0	0.0	0.0	0.0	0.0	1	110	110	72	0.08839	0.000279996	12	68	False	LAS+		func	6.0	72	363	True		2.0	0.75	j	1.761	0.0305196	False	2.0	2.0	2.0
				datatype-func_direction-PA_echo-4_part-phase_run-01_suffix-noRF_task-rat__1	datatype-func_direction-PA_echo-4_part-phase_run-01_suffix-noRF_task-rat	1				0.0	0.0	0.0	0.0	0.0	0.0	0.0	11	110	110	72	0.08839	0.000279996	12	68	False	LAS+		func	6.0	72	3	False		2.0	0.75	j	1.761	0.0305196	False	2.0	2.0	2.0
			datatype-func_direction-PA_echo-4_part-phase_run-01_suffix-noRF_task-rat_acquisition-VARIANTObliquityTrue	datatype-func_direction-PA_echo-4_part-phase_run-01_suffix-noRF_task-rat__2	datatype-func_direction-PA_echo-4_part-phase_run-01_suffix-noRF_task-rat	2				0.0	0.0	0.0	0.0	0.0	0.0	0.0	1	110	110	72	0.08839	0.000279996	12	68	False	LAS+		func	6.0	72	3	True		2.0	0.75	j	1.761	0.0305196	False	2.0	2.0	2.0
				datatype-func_direction-PA_echo-4_part-phase_run-01_suffix-sbref_task-rat__1	datatype-func_direction-PA_echo-4_part-phase_run-01_suffix-sbref_task-rat	1				0.0	0.0	0.0	0.0	0.0	0.0	0.0	11	110	110	72	0.08839	0.000279996	12	68	False	LAS+		func		72	1	False		2.0	0.75	j	1.761	0.0305196	False	2.0	2.0	2.0
			datatype-func_direction-PA_echo-4_part-phase_run-01_suffix-sbref_task-rat_acquisition-VARIANTObliquityTrue	datatype-func_direction-PA_echo-4_part-phase_run-01_suffix-sbref_task-rat__2	datatype-func_direction-PA_echo-4_part-phase_run-01_suffix-sbref_task-rat	2				0.0	0.0	0.0	0.0	0.0	0.0	0.0	1	110	110	72	0.08839	0.000279996	12	68	False	LAS+		func		72	1	True		2.0	0.75	j	1.761	0.0305196	False	2.0	2.0	2.0
				datatype-func_direction-PA_echo-5_part-mag_run-01_suffix-bold_task-rat__1	datatype-func_direction-PA_echo-5_part-mag_run-01_suffix-bold_task-rat	1				0.0	0.0	0.0	0.0	0.0	0.0	0.0	11	110	110	72	0.11312	0.000279996	12	68	False	LAS+		func	6.0	72	363	False		2.0	0.75	j	1.761	0.0305196	False	2.0	2.0	2.0
			datatype-func_direction-PA_echo-5_part-mag_run-01_suffix-bold_task-rat_acquisition-VARIANTObliquityTrue	datatype-func_direction-PA_echo-5_part-mag_run-01_suffix-bold_task-rat__2	datatype-func_direction-PA_echo-5_part-mag_run-01_suffix-bold_task-rat	2				0.0	0.0	0.0	0.0	0.0	0.0	0.0	1	110	110	72	0.11312	0.000279996	12	68	False	LAS+		func	6.0	72	363	True		2.0	0.75	j	1.761	0.0305196	False	2.0	2.0	2.0
				datatype-func_direction-PA_echo-5_part-mag_run-01_suffix-noRF_task-rat__1	datatype-func_direction-PA_echo-5_part-mag_run-01_suffix-noRF_task-rat	1				0.0	0.0	0.0	0.0	0.0	0.0	0.0	11	110	110	72	0.11312	0.000279996	12	68	False	LAS+		func	6.0	72	3	False		2.0	0.75	j	1.761	0.0305196	False	2.0	2.0	2.0
			datatype-func_direction-PA_echo-5_part-mag_run-01_suffix-noRF_task-rat_acquisition-VARIANTObliquityTrue	datatype-func_direction-PA_echo-5_part-mag_run-01_suffix-noRF_task-rat__2	datatype-func_direction-PA_echo-5_part-mag_run-01_suffix-noRF_task-rat	2				0.0	0.0	0.0	0.0	0.0	0.0	0.0	1	110	110	72	0.11312	0.000279996	12	68	False	LAS+		func	6.0	72	3	True		2.0	0.75	j	1.761	0.0305196	False	2.0	2.0	2.0
				datatype-func_direction-PA_echo-5_part-mag_run-01_suffix-sbref_task-rat__1	datatype-func_direction-PA_echo-5_part-mag_run-01_suffix-sbref_task-rat	1				0.0	0.0	0.0	0.0	0.0	0.0	0.0	11	110	110	72	0.11312	0.000279996	12	68	False	LAS+		func		72	1	False		2.0	0.75	j	1.761	0.0305196	False	2.0	2.0	2.0
			datatype-func_direction-PA_echo-5_part-mag_run-01_suffix-sbref_task-rat_acquisition-VARIANTObliquityTrue	datatype-func_direction-PA_echo-5_part-mag_run-01_suffix-sbref_task-rat__2	datatype-func_direction-PA_echo-5_part-mag_run-01_suffix-sbref_task-rat	2				0.0	0.0	0.0	0.0	0.0	0.0	0.0	1	110	110	72	0.11312	0.000279996	12	68	False	LAS+		func		72	1	True		2.0	0.75	j	1.761	0.0305196	False	2.0	2.0	2.0
				datatype-func_direction-PA_echo-5_part-phase_run-01_suffix-bold_task-rat__1	datatype-func_direction-PA_echo-5_part-phase_run-01_suffix-bold_task-rat	1				0.0	0.0	0.0	0.0	0.0	0.0	0.0	11	110	110	72	0.11312	0.000279996	12	68	False	LAS+		func	6.0	72	363	False		2.0	0.75	j	1.761	0.0305196	False	2.0	2.0	2.0
			datatype-func_direction-PA_echo-5_part-phase_run-01_suffix-bold_task-rat_acquisition-VARIANTObliquityTrue	datatype-func_direction-PA_echo-5_part-phase_run-01_suffix-bold_task-rat__2	datatype-func_direction-PA_echo-5_part-phase_run-01_suffix-bold_task-rat	2				0.0	0.0	0.0	0.0	0.0	0.0	0.0	1	110	110	72	0.11312	0.000279996	12	68	False	LAS+		func	6.0	72	363	True		2.0	0.75	j	1.761	0.0305196	False	2.0	2.0	2.0
				datatype-func_direction-PA_echo-5_part-phase_run-01_suffix-noRF_task-rat__1	datatype-func_direction-PA_echo-5_part-phase_run-01_suffix-noRF_task-rat	1				0.0	0.0	0.0	0.0	0.0	0.0	0.0	11	110	110	72	0.11312	0.000279996	12	68	False	LAS+		func	6.0	72	3	False		2.0	0.75	j	1.761	0.0305196	False	2.0	2.0	2.0
			datatype-func_direction-PA_echo-5_part-phase_run-01_suffix-noRF_task-rat_acquisition-VARIANTObliquityTrue	datatype-func_direction-PA_echo-5_part-phase_run-01_suffix-noRF_task-rat__2	datatype-func_direction-PA_echo-5_part-phase_run-01_suffix-noRF_task-rat	2				0.0	0.0	0.0	0.0	0.0	0.0	0.0	1	110	110	72	0.11312	0.000279996	12	68	False	LAS+		func	6.0	72	3	True		2.0	0.75	j	1.761	0.0305196	False	2.0	2.0	2.0
				datatype-func_direction-PA_echo-5_part-phase_run-01_suffix-sbref_task-rat__1	datatype-func_direction-PA_echo-5_part-phase_run-01_suffix-sbref_task-rat	1				0.0	0.0	0.0	0.0	0.0	0.0	0.0	11	110	110	72	0.11312	0.000279996	12	68	False	LAS+		func		72	1	False		2.0	0.75	j	1.761	0.0305196	False	2.0	2.0	2.0
			datatype-func_direction-PA_echo-5_part-phase_run-01_suffix-sbref_task-rat_acquisition-VARIANTObliquityTrue	datatype-func_direction-PA_echo-5_part-phase_run-01_suffix-sbref_task-rat__2	datatype-func_direction-PA_echo-5_part-phase_run-01_suffix-sbref_task-rat	2				0.0	0.0	0.0	0.0	0.0	0.0	0.0	1	110	110	72	0.11312	0.000279996	12	68	False	LAS+		func		72	1	True		2.0	0.75	j	1.761	0.0305196	False	2.0	2.0	2.0
				datatype-func_direction-AP_echo-1_part-mag_run-01_suffix-bold_task-bao__1	datatype-func_direction-AP_echo-1_part-mag_run-01_suffix-bold_task-bao	1				0.0	0.0	0.0	0.0	0.0	0.0	0.0	9	110	110	72	0.0142	0.000279996	11	68	False	LAS+		func	6.0	72	243	False		2.0	0.75	j-	1.761	0.0305196	False	2.0	2.0	2.0
			datatype-func_direction-AP_echo-1_part-mag_run-01_suffix-bold_task-bao_acquisition-VARIANTObliquityTrue	datatype-func_direction-AP_echo-1_part-mag_run-01_suffix-bold_task-bao__2	datatype-func_direction-AP_echo-1_part-mag_run-01_suffix-bold_task-bao	2				0.0	0.0	0.0	0.0	0.0	0.0	0.0	1	110	110	72	0.0142	0.000279996	11	68	False	LAS+		func	6.0	72	243	True		2.0	0.75	j-	1.761	0.0305196	False	2.0	2.0	2.0
			datatype-func_direction-AP_echo-1_part-mag_run-01_suffix-bold_task-bao_acquisition-VARIANTNumVolumes16	datatype-func_direction-AP_echo-1_part-mag_run-01_suffix-bold_task-bao__3	datatype-func_direction-AP_echo-1_part-mag_run-01_suffix-bold_task-bao	3				0.0	0.0	0.0	0.0	0.0	0.0	0.0	1	110	110	72	0.0142	0.000279996	11	68	False	LAS+		func	6.0	72	16	False		2.0	0.75	j-	1.761	0.0305196	False	2.0	2.0	2.0
				datatype-func_direction-AP_echo-1_part-mag_run-01_suffix-sbref_task-bao__1	datatype-func_direction-AP_echo-1_part-mag_run-01_suffix-sbref_task-bao	1				0.0	0.0	0.0	0.0	0.0	0.0	0.0	10	110	110	72	0.0142	0.000279996	11	68	False	LAS+		func		72	1	False		2.0	0.75	j-	1.761	0.0305196	False	2.0	2.0	2.0
			datatype-func_direction-AP_echo-1_part-mag_run-01_suffix-sbref_task-bao_acquisition-VARIANTObliquityTrue	datatype-func_direction-AP_echo-1_part-mag_run-01_suffix-sbref_task-bao__2	datatype-func_direction-AP_echo-1_part-mag_run-01_suffix-sbref_task-bao	2				0.0	0.0	0.0	0.0	0.0	0.0	0.0	1	110	110	72	0.0142	0.000279996	11	68	False	LAS+		func		72	1	True		2.0	0.75	j-	1.761	0.0305196	False	2.0	2.0	2.0
				datatype-func_direction-AP_echo-1_part-phase_run-01_suffix-bold_task-bao__1	datatype-func_direction-AP_echo-1_part-phase_run-01_suffix-bold_task-bao	1				0.0	0.0	0.0	0.0	0.0	0.0	0.0	9	110	110	72	0.0142	0.000279996	11	68	False	LAS+		func	6.0	72	243	False		2.0	0.75	j-	1.761	0.0305196	False	2.0	2.0	2.0
			datatype-func_direction-AP_echo-1_part-phase_run-01_suffix-bold_task-bao_acquisition-VARIANTObliquityTrue	datatype-func_direction-AP_echo-1_part-phase_run-01_suffix-bold_task-bao__2	datatype-func_direction-AP_echo-1_part-phase_run-01_suffix-bold_task-bao	2				0.0	0.0	0.0	0.0	0.0	0.0	0.0	1	110	110	72	0.0142	0.000279996	11	68	False	LAS+		func	6.0	72	243	True		2.0	0.75	j-	1.761	0.0305196	False	2.0	2.0	2.0
			datatype-func_direction-AP_echo-1_part-phase_run-01_suffix-bold_task-bao_acquisition-VARIANTNumVolumes16	datatype-func_direction-AP_echo-1_part-phase_run-01_suffix-bold_task-bao__3	datatype-func_direction-AP_echo-1_part-phase_run-01_suffix-bold_task-bao	3				0.0	0.0	0.0	0.0	0.0	0.0	0.0	1	110	110	72	0.0142	0.000279996	11	68	False	LAS+		func	6.0	72	16	False		2.0	0.75	j-	1.761	0.0305196	False	2.0	2.0	2.0
				datatype-func_direction-AP_echo-1_part-phase_run-01_suffix-sbref_task-bao__1	datatype-func_direction-AP_echo-1_part-phase_run-01_suffix-sbref_task-bao	1				0.0	0.0	0.0	0.0	0.0	0.0	0.0	10	110	110	72	0.0142	0.000279996	11	68	False	LAS+		func		72	1	False		2.0	0.75	j-	1.761	0.0305196	False	2.0	2.0	2.0
			datatype-func_direction-AP_echo-1_part-phase_run-01_suffix-sbref_task-bao_acquisition-VARIANTObliquityTrue	datatype-func_direction-AP_echo-1_part-phase_run-01_suffix-sbref_task-bao__2	datatype-func_direction-AP_echo-1_part-phase_run-01_suffix-sbref_task-bao	2				0.0	0.0	0.0	0.0	0.0	0.0	0.0	1	110	110	72	0.0142	0.000279996	11	68	False	LAS+		func		72	1	True		2.0	0.75	j-	1.761	0.0305196	False	2.0	2.0	2.0
				datatype-func_direction-AP_echo-2_part-mag_run-01_suffix-bold_task-bao__1	datatype-func_direction-AP_echo-2_part-mag_run-01_suffix-bold_task-bao	1				0.0	0.0	0.0	0.0	0.0	0.0	0.0	9	110	110	72	0.03893	0.000279996	11	68	False	LAS+		func	6.0	72	243	False		2.0	0.75	j-	1.761	0.0305196	False	2.0	2.0	2.0
			datatype-func_direction-AP_echo-2_part-mag_run-01_suffix-bold_task-bao_acquisition-VARIANTObliquityTrue	datatype-func_direction-AP_echo-2_part-mag_run-01_suffix-bold_task-bao__2	datatype-func_direction-AP_echo-2_part-mag_run-01_suffix-bold_task-bao	2				0.0	0.0	0.0	0.0	0.0	0.0	0.0	1	110	110	72	0.03893	0.000279996	11	68	False	LAS+		func	6.0	72	243	True		2.0	0.75	j-	1.761	0.0305196	False	2.0	2.0	2.0
			datatype-func_direction-AP_echo-2_part-mag_run-01_suffix-bold_task-bao_acquisition-VARIANTNumVolumes16	datatype-func_direction-AP_echo-2_part-mag_run-01_suffix-bold_task-bao__3	datatype-func_direction-AP_echo-2_part-mag_run-01_suffix-bold_task-bao	3				0.0	0.0	0.0	0.0	0.0	0.0	0.0	1	110	110	72	0.03893	0.000279996	11	68	False	LAS+		func	6.0	72	16	False		2.0	0.75	j-	1.761	0.0305196	False	2.0	2.0	2.0
				datatype-func_direction-AP_echo-2_part-mag_run-01_suffix-sbref_task-bao__1	datatype-func_direction-AP_echo-2_part-mag_run-01_suffix-sbref_task-bao	1				0.0	0.0	0.0	0.0	0.0	0.0	0.0	10	110	110	72	0.03893	0.000279996	11	68	False	LAS+		func		72	1	False		2.0	0.75	j-	1.761	0.0305196	False	2.0	2.0	2.0
			datatype-func_direction-AP_echo-2_part-mag_run-01_suffix-sbref_task-bao_acquisition-VARIANTObliquityTrue	datatype-func_direction-AP_echo-2_part-mag_run-01_suffix-sbref_task-bao__2	datatype-func_direction-AP_echo-2_part-mag_run-01_suffix-sbref_task-bao	2				0.0	0.0	0.0	0.0	0.0	0.0	0.0	1	110	110	72	0.03893	0.000279996	11	68	False	LAS+		func		72	1	True		2.0	0.75	j-	1.761	0.0305196	False	2.0	2.0	2.0
				datatype-func_direction-AP_echo-2_part-phase_run-01_suffix-bold_task-bao__1	datatype-func_direction-AP_echo-2_part-phase_run-01_suffix-bold_task-bao	1				0.0	0.0	0.0	0.0	0.0	0.0	0.0	9	110	110	72	0.03893	0.000279996	11	68	False	LAS+		func	6.0	72	243	False		2.0	0.75	j-	1.761	0.0305196	False	2.0	2.0	2.0
			datatype-func_direction-AP_echo-2_part-phase_run-01_suffix-bold_task-bao_acquisition-VARIANTObliquityTrue	datatype-func_direction-AP_echo-2_part-phase_run-01_suffix-bold_task-bao__2	datatype-func_direction-AP_echo-2_part-phase_run-01_suffix-bold_task-bao	2				0.0	0.0	0.0	0.0	0.0	0.0	0.0	1	110	110	72	0.03893	0.000279996	11	68	False	LAS+		func	6.0	72	243	True		2.0	0.75	j-	1.761	0.0305196	False	2.0	2.0	2.0
			datatype-func_direction-AP_echo-2_part-phase_run-01_suffix-bold_task-bao_acquisition-VARIANTNumVolumes16	datatype-func_direction-AP_echo-2_part-phase_run-01_suffix-bold_task-bao__3	datatype-func_direction-AP_echo-2_part-phase_run-01_suffix-bold_task-bao	3				0.0	0.0	0.0	0.0	0.0	0.0	0.0	1	110	110	72	0.03893	0.000279996	11	68	False	LAS+		func	6.0	72	16	False		2.0	0.75	j-	1.761	0.0305196	False	2.0	2.0	2.0
				datatype-func_direction-AP_echo-2_part-phase_run-01_suffix-sbref_task-bao__1	datatype-func_direction-AP_echo-2_part-phase_run-01_suffix-sbref_task-bao	1				0.0	0.0	0.0	0.0	0.0	0.0	0.0	10	110	110	72	0.03893	0.000279996	11	68	False	LAS+		func		72	1	False		2.0	0.75	j-	1.761	0.0305196	False	2.0	2.0	2.0
			datatype-func_direction-AP_echo-2_part-phase_run-01_suffix-sbref_task-bao_acquisition-VARIANTObliquityTrue	datatype-func_direction-AP_echo-2_part-phase_run-01_suffix-sbref_task-bao__2	datatype-func_direction-AP_echo-2_part-phase_run-01_suffix-sbref_task-bao	2				0.0	0.0	0.0	0.0	0.0	0.0	0.0	1	110	110	72	0.03893	0.000279996	11	68	False	LAS+		func		72	1	True		2.0	0.75	j-	1.761	0.0305196	False	2.0	2.0	2.0
				datatype-func_direction-AP_echo-3_part-mag_run-01_suffix-bold_task-bao__1	datatype-func_direction-AP_echo-3_part-mag_run-01_suffix-bold_task-bao	1				0.0	0.0	0.0	0.0	0.0	0.0	0.0	9	110	110	72	0.06366	0.000279996	11	68	False	LAS+		func	6.0	72	243	False		2.0	0.75	j-	1.761	0.0305196	False	2.0	2.0	2.0
			datatype-func_direction-AP_echo-3_part-mag_run-01_suffix-bold_task-bao_acquisition-VARIANTObliquityTrue	datatype-func_direction-AP_echo-3_part-mag_run-01_suffix-bold_task-bao__2	datatype-func_direction-AP_echo-3_part-mag_run-01_suffix-bold_task-bao	2				0.0	0.0	0.0	0.0	0.0	0.0	0.0	1	110	110	72	0.06366	0.000279996	11	68	False	LAS+		func	6.0	72	243	True		2.0	0.75	j-	1.761	0.0305196	False	2.0	2.0	2.0
			datatype-func_direction-AP_echo-3_part-mag_run-01_suffix-bold_task-bao_acquisition-VARIANTNumVolumes16	datatype-func_direction-AP_echo-3_part-mag_run-01_suffix-bold_task-bao__3	datatype-func_direction-AP_echo-3_part-mag_run-01_suffix-bold_task-bao	3				0.0	0.0	0.0	0.0	0.0	0.0	0.0	1	110	110	72	0.06366	0.000279996	11	68	False	LAS+		func	6.0	72	16	False		2.0	0.75	j-	1.761	0.0305196	False	2.0	2.0	2.0
				datatype-func_direction-AP_echo-3_part-mag_run-01_suffix-sbref_task-bao__1	datatype-func_direction-AP_echo-3_part-mag_run-01_suffix-sbref_task-bao	1				0.0	0.0	0.0	0.0	0.0	0.0	0.0	10	110	110	72	0.06366	0.000279996	11	68	False	LAS+		func		72	1	False		2.0	0.75	j-	1.761	0.0305196	False	2.0	2.0	2.0
			datatype-func_direction-AP_echo-3_part-mag_run-01_suffix-sbref_task-bao_acquisition-VARIANTObliquityTrue	datatype-func_direction-AP_echo-3_part-mag_run-01_suffix-sbref_task-bao__2	datatype-func_direction-AP_echo-3_part-mag_run-01_suffix-sbref_task-bao	2				0.0	0.0	0.0	0.0	0.0	0.0	0.0	1	110	110	72	0.06366	0.000279996	11	68	False	LAS+		func		72	1	True		2.0	0.75	j-	1.761	0.0305196	False	2.0	2.0	2.0
				datatype-func_direction-AP_echo-3_part-phase_run-01_suffix-bold_task-bao__1	datatype-func_direction-AP_echo-3_part-phase_run-01_suffix-bold_task-bao	1				0.0	0.0	0.0	0.0	0.0	0.0	0.0	9	110	110	72	0.06366	0.000279996	11	68	False	LAS+		func	6.0	72	243	False		2.0	0.75	j-	1.761	0.0305196	False	2.0	2.0	2.0
			datatype-func_direction-AP_echo-3_part-phase_run-01_suffix-bold_task-bao_acquisition-VARIANTObliquityTrue	datatype-func_direction-AP_echo-3_part-phase_run-01_suffix-bold_task-bao__2	datatype-func_direction-AP_echo-3_part-phase_run-01_suffix-bold_task-bao	2				0.0	0.0	0.0	0.0	0.0	0.0	0.0	1	110	110	72	0.06366	0.000279996	11	68	False	LAS+		func	6.0	72	243	True		2.0	0.75	j-	1.761	0.0305196	False	2.0	2.0	2.0
			datatype-func_direction-AP_echo-3_part-phase_run-01_suffix-bold_task-bao_acquisition-VARIANTNumVolumes16	datatype-func_direction-AP_echo-3_part-phase_run-01_suffix-bold_task-bao__3	datatype-func_direction-AP_echo-3_part-phase_run-01_suffix-bold_task-bao	3				0.0	0.0	0.0	0.0	0.0	0.0	0.0	1	110	110	72	0.06366	0.000279996	11	68	False	LAS+		func	6.0	72	16	False		2.0	0.75	j-	1.761	0.0305196	False	2.0	2.0	2.0
				datatype-func_direction-AP_echo-3_part-phase_run-01_suffix-sbref_task-bao__1	datatype-func_direction-AP_echo-3_part-phase_run-01_suffix-sbref_task-bao	1				0.0	0.0	0.0	0.0	0.0	0.0	0.0	10	110	110	72	0.06366	0.000279996	11	68	False	LAS+		func		72	1	False		2.0	0.75	j-	1.761	0.0305196	False	2.0	2.0	2.0
			datatype-func_direction-AP_echo-3_part-phase_run-01_suffix-sbref_task-bao_acquisition-VARIANTObliquityTrue	datatype-func_direction-AP_echo-3_part-phase_run-01_suffix-sbref_task-bao__2	datatype-func_direction-AP_echo-3_part-phase_run-01_suffix-sbref_task-bao	2				0.0	0.0	0.0	0.0	0.0	0.0	0.0	1	110	110	72	0.06366	0.000279996	11	68	False	LAS+		func		72	1	True		2.0	0.75	j-	1.761	0.0305196	False	2.0	2.0	2.0
				datatype-func_direction-AP_echo-4_part-mag_run-01_suffix-bold_task-bao__1	datatype-func_direction-AP_echo-4_part-mag_run-01_suffix-bold_task-bao	1				0.0	0.0	0.0	0.0	0.0	0.0	0.0	9	110	110	72	0.08839	0.000279996	11	68	False	LAS+		func	6.0	72	243	False		2.0	0.75	j-	1.761	0.0305196	False	2.0	2.0	2.0
			datatype-func_direction-AP_echo-4_part-mag_run-01_suffix-bold_task-bao_acquisition-VARIANTObliquityTrue	datatype-func_direction-AP_echo-4_part-mag_run-01_suffix-bold_task-bao__2	datatype-func_direction-AP_echo-4_part-mag_run-01_suffix-bold_task-bao	2				0.0	0.0	0.0	0.0	0.0	0.0	0.0	1	110	110	72	0.08839	0.000279996	11	68	False	LAS+		func	6.0	72	243	True		2.0	0.75	j-	1.761	0.0305196	False	2.0	2.0	2.0
			datatype-func_direction-AP_echo-4_part-mag_run-01_suffix-bold_task-bao_acquisition-VARIANTNumVolumes16	datatype-func_direction-AP_echo-4_part-mag_run-01_suffix-bold_task-bao__3	datatype-func_direction-AP_echo-4_part-mag_run-01_suffix-bold_task-bao	3				0.0	0.0	0.0	0.0	0.0	0.0	0.0	1	110	110	72	0.08839	0.000279996	11	68	False	LAS+		func	6.0	72	16	False		2.0	0.75	j-	1.761	0.0305196	False	2.0	2.0	2.0
				datatype-func_direction-AP_echo-4_part-mag_run-01_suffix-sbref_task-bao__1	datatype-func_direction-AP_echo-4_part-mag_run-01_suffix-sbref_task-bao	1				0.0	0.0	0.0	0.0	0.0	0.0	0.0	10	110	110	72	0.08839	0.000279996	11	68	False	LAS+		func		72	1	False		2.0	0.75	j-	1.761	0.0305196	False	2.0	2.0	2.0
			datatype-func_direction-AP_echo-4_part-mag_run-01_suffix-sbref_task-bao_acquisition-VARIANTObliquityTrue	datatype-func_direction-AP_echo-4_part-mag_run-01_suffix-sbref_task-bao__2	datatype-func_direction-AP_echo-4_part-mag_run-01_suffix-sbref_task-bao	2				0.0	0.0	0.0	0.0	0.0	0.0	0.0	1	110	110	72	0.08839	0.000279996	11	68	False	LAS+		func		72	1	True		2.0	0.75	j-	1.761	0.0305196	False	2.0	2.0	2.0
				datatype-func_direction-AP_echo-4_part-phase_run-01_suffix-bold_task-bao__1	datatype-func_direction-AP_echo-4_part-phase_run-01_suffix-bold_task-bao	1				0.0	0.0	0.0	0.0	0.0	0.0	0.0	9	110	110	72	0.08839	0.000279996	11	68	False	LAS+		func	6.0	72	243	False		2.0	0.75	j-	1.761	0.0305196	False	2.0	2.0	2.0
			datatype-func_direction-AP_echo-4_part-phase_run-01_suffix-bold_task-bao_acquisition-VARIANTObliquityTrue	datatype-func_direction-AP_echo-4_part-phase_run-01_suffix-bold_task-bao__2	datatype-func_direction-AP_echo-4_part-phase_run-01_suffix-bold_task-bao	2				0.0	0.0	0.0	0.0	0.0	0.0	0.0	1	110	110	72	0.08839	0.000279996	11	68	False	LAS+		func	6.0	72	243	True		2.0	0.75	j-	1.761	0.0305196	False	2.0	2.0	2.0
			datatype-func_direction-AP_echo-4_part-phase_run-01_suffix-bold_task-bao_acquisition-VARIANTNumVolumes16	datatype-func_direction-AP_echo-4_part-phase_run-01_suffix-bold_task-bao__3	datatype-func_direction-AP_echo-4_part-phase_run-01_suffix-bold_task-bao	3				0.0	0.0	0.0	0.0	0.0	0.0	0.0	1	110	110	72	0.08839	0.000279996	11	68	False	LAS+		func	6.0	72	16	False		2.0	0.75	j-	1.761	0.0305196	False	2.0	2.0	2.0
				datatype-func_direction-AP_echo-4_part-phase_run-01_suffix-sbref_task-bao__1	datatype-func_direction-AP_echo-4_part-phase_run-01_suffix-sbref_task-bao	1				0.0	0.0	0.0	0.0	0.0	0.0	0.0	10	110	110	72	0.08839	0.000279996	11	68	False	LAS+		func		72	1	False		2.0	0.75	j-	1.761	0.0305196	False	2.0	2.0	2.0
			datatype-func_direction-AP_echo-4_part-phase_run-01_suffix-sbref_task-bao_acquisition-VARIANTObliquityTrue	datatype-func_direction-AP_echo-4_part-phase_run-01_suffix-sbref_task-bao__2	datatype-func_direction-AP_echo-4_part-phase_run-01_suffix-sbref_task-bao	2				0.0	0.0	0.0	0.0	0.0	0.0	0.0	1	110	110	72	0.08839	0.000279996	11	68	False	LAS+		func		72	1	True		2.0	0.75	j-	1.761	0.0305196	False	2.0	2.0	2.0
				datatype-func_direction-AP_echo-5_part-mag_run-01_suffix-bold_task-bao__1	datatype-func_direction-AP_echo-5_part-mag_run-01_suffix-bold_task-bao	1				0.0	0.0	0.0	0.0	0.0	0.0	0.0	9	110	110	72	0.11312	0.000279996	11	68	False	LAS+		func	6.0	72	243	False		2.0	0.75	j-	1.761	0.0305196	False	2.0	2.0	2.0
			datatype-func_direction-AP_echo-5_part-mag_run-01_suffix-bold_task-bao_acquisition-VARIANTObliquityTrue	datatype-func_direction-AP_echo-5_part-mag_run-01_suffix-bold_task-bao__2	datatype-func_direction-AP_echo-5_part-mag_run-01_suffix-bold_task-bao	2				0.0	0.0	0.0	0.0	0.0	0.0	0.0	1	110	110	72	0.11312	0.000279996	11	68	False	LAS+		func	6.0	72	243	True		2.0	0.75	j-	1.761	0.0305196	False	2.0	2.0	2.0
			datatype-func_direction-AP_echo-5_part-mag_run-01_suffix-bold_task-bao_acquisition-VARIANTNumVolumes16	datatype-func_direction-AP_echo-5_part-mag_run-01_suffix-bold_task-bao__3	datatype-func_direction-AP_echo-5_part-mag_run-01_suffix-bold_task-bao	3				0.0	0.0	0.0	0.0	0.0	0.0	0.0	1	110	110	72	0.11312	0.000279996	11	68	False	LAS+		func	6.0	72	16	False		2.0	0.75	j-	1.761	0.0305196	False	2.0	2.0	2.0
				datatype-func_direction-AP_echo-5_part-mag_run-01_suffix-sbref_task-bao__1	datatype-func_direction-AP_echo-5_part-mag_run-01_suffix-sbref_task-bao	1				0.0	0.0	0.0	0.0	0.0	0.0	0.0	10	110	110	72	0.11312	0.000279996	11	68	False	LAS+		func		72	1	False		2.0	0.75	j-	1.761	0.0305196	False	2.0	2.0	2.0
			datatype-func_direction-AP_echo-5_part-mag_run-01_suffix-sbref_task-bao_acquisition-VARIANTObliquityTrue	datatype-func_direction-AP_echo-5_part-mag_run-01_suffix-sbref_task-bao__2	datatype-func_direction-AP_echo-5_part-mag_run-01_suffix-sbref_task-bao	2				0.0	0.0	0.0	0.0	0.0	0.0	0.0	1	110	110	72	0.11312	0.000279996	11	68	False	LAS+		func		72	1	True		2.0	0.75	j-	1.761	0.0305196	False	2.0	2.0	2.0
				datatype-func_direction-AP_echo-5_part-phase_run-01_suffix-bold_task-bao__1	datatype-func_direction-AP_echo-5_part-phase_run-01_suffix-bold_task-bao	1				0.0	0.0	0.0	0.0	0.0	0.0	0.0	9	110	110	72	0.11312	0.000279996	11	68	False	LAS+		func	6.0	72	243	False		2.0	0.75	j-	1.761	0.0305196	False	2.0	2.0	2.0
			datatype-func_direction-AP_echo-5_part-phase_run-01_suffix-bold_task-bao_acquisition-VARIANTObliquityTrue	datatype-func_direction-AP_echo-5_part-phase_run-01_suffix-bold_task-bao__2	datatype-func_direction-AP_echo-5_part-phase_run-01_suffix-bold_task-bao	2				0.0	0.0	0.0	0.0	0.0	0.0	0.0	1	110	110	72	0.11312	0.000279996	11	68	False	LAS+		func	6.0	72	243	True		2.0	0.75	j-	1.761	0.0305196	False	2.0	2.0	2.0
			datatype-func_direction-AP_echo-5_part-phase_run-01_suffix-bold_task-bao_acquisition-VARIANTNumVolumes16	datatype-func_direction-AP_echo-5_part-phase_run-01_suffix-bold_task-bao__3	datatype-func_direction-AP_echo-5_part-phase_run-01_suffix-bold_task-bao	3				0.0	0.0	0.0	0.0	0.0	0.0	0.0	1	110	110	72	0.11312	0.000279996	11	68	False	LAS+		func	6.0	72	16	False		2.0	0.75	j-	1.761	0.0305196	False	2.0	2.0	2.0
				datatype-func_direction-AP_echo-5_part-phase_run-01_suffix-sbref_task-bao__1	datatype-func_direction-AP_echo-5_part-phase_run-01_suffix-sbref_task-bao	1				0.0	0.0	0.0	0.0	0.0	0.0	0.0	10	110	110	72	0.11312	0.000279996	11	68	False	LAS+		func		72	1	False		2.0	0.75	j-	1.761	0.0305196	False	2.0	2.0	2.0
			datatype-func_direction-AP_echo-5_part-phase_run-01_suffix-sbref_task-bao_acquisition-VARIANTObliquityTrue	datatype-func_direction-AP_echo-5_part-phase_run-01_suffix-sbref_task-bao__2	datatype-func_direction-AP_echo-5_part-phase_run-01_suffix-sbref_task-bao	2				0.0	0.0	0.0	0.0	0.0	0.0	0.0	1	110	110	72	0.11312	0.000279996	11	68	False	LAS+		func		72	1	True		2.0	0.75	j-	1.761	0.0305196	False	2.0	2.0	2.0
				datatype-func_direction-AP_echo-1_part-mag_run-01_suffix-noRF_task-bao__1	datatype-func_direction-AP_echo-1_part-mag_run-01_suffix-noRF_task-bao	1				0.0	0.0	0.0	0.0	0.0	0.0	0.0	9	110	110	72	0.0142	0.000279996	10	68	False	LAS+		func	6.0	72	3	False		2.0	0.75	j-	1.761	0.0305196	False	2.0	2.0	2.0
			datatype-func_direction-AP_echo-1_part-mag_run-01_suffix-noRF_task-bao_acquisition-VARIANTObliquityTrue	datatype-func_direction-AP_echo-1_part-mag_run-01_suffix-noRF_task-bao__2	datatype-func_direction-AP_echo-1_part-mag_run-01_suffix-noRF_task-bao	2				0.0	0.0	0.0	0.0	0.0	0.0	0.0	1	110	110	72	0.0142	0.000279996	10	68	False	LAS+		func	6.0	72	3	True		2.0	0.75	j-	1.761	0.0305196	False	2.0	2.0	2.0
				datatype-func_direction-AP_echo-1_part-phase_run-01_suffix-noRF_task-bao__1	datatype-func_direction-AP_echo-1_part-phase_run-01_suffix-noRF_task-bao	1				0.0	0.0	0.0	0.0	0.0	0.0	0.0	9	110	110	72	0.0142	0.000279996	10	68	False	LAS+		func	6.0	72	3	False		2.0	0.75	j-	1.761	0.0305196	False	2.0	2.0	2.0
			datatype-func_direction-AP_echo-1_part-phase_run-01_suffix-noRF_task-bao_acquisition-VARIANTObliquityTrue	datatype-func_direction-AP_echo-1_part-phase_run-01_suffix-noRF_task-bao__2	datatype-func_direction-AP_echo-1_part-phase_run-01_suffix-noRF_task-bao	2				0.0	0.0	0.0	0.0	0.0	0.0	0.0	1	110	110	72	0.0142	0.000279996	10	68	False	LAS+		func	6.0	72	3	True		2.0	0.75	j-	1.761	0.0305196	False	2.0	2.0	2.0
				datatype-func_direction-AP_echo-2_part-mag_run-01_suffix-noRF_task-bao__1	datatype-func_direction-AP_echo-2_part-mag_run-01_suffix-noRF_task-bao	1				0.0	0.0	0.0	0.0	0.0	0.0	0.0	9	110	110	72	0.03893	0.000279996	10	68	False	LAS+		func	6.0	72	3	False		2.0	0.75	j-	1.761	0.0305196	False	2.0	2.0	2.0
			datatype-func_direction-AP_echo-2_part-mag_run-01_suffix-noRF_task-bao_acquisition-VARIANTObliquityTrue	datatype-func_direction-AP_echo-2_part-mag_run-01_suffix-noRF_task-bao__2	datatype-func_direction-AP_echo-2_part-mag_run-01_suffix-noRF_task-bao	2				0.0	0.0	0.0	0.0	0.0	0.0	0.0	1	110	110	72	0.03893	0.000279996	10	68	False	LAS+		func	6.0	72	3	True		2.0	0.75	j-	1.761	0.0305196	False	2.0	2.0	2.0
				datatype-func_direction-AP_echo-2_part-phase_run-01_suffix-noRF_task-bao__1	datatype-func_direction-AP_echo-2_part-phase_run-01_suffix-noRF_task-bao	1				0.0	0.0	0.0	0.0	0.0	0.0	0.0	9	110	110	72	0.03893	0.000279996	10	68	False	LAS+		func	6.0	72	3	False		2.0	0.75	j-	1.761	0.0305196	False	2.0	2.0	2.0
			datatype-func_direction-AP_echo-2_part-phase_run-01_suffix-noRF_task-bao_acquisition-VARIANTObliquityTrue	datatype-func_direction-AP_echo-2_part-phase_run-01_suffix-noRF_task-bao__2	datatype-func_direction-AP_echo-2_part-phase_run-01_suffix-noRF_task-bao	2				0.0	0.0	0.0	0.0	0.0	0.0	0.0	1	110	110	72	0.03893	0.000279996	10	68	False	LAS+		func	6.0	72	3	True		2.0	0.75	j-	1.761	0.0305196	False	2.0	2.0	2.0
				datatype-func_direction-AP_echo-3_part-mag_run-01_suffix-noRF_task-bao__1	datatype-func_direction-AP_echo-3_part-mag_run-01_suffix-noRF_task-bao	1				0.0	0.0	0.0	0.0	0.0	0.0	0.0	9	110	110	72	0.06366	0.000279996	10	68	False	LAS+		func	6.0	72	3	False		2.0	0.75	j-	1.761	0.0305196	False	2.0	2.0	2.0
			datatype-func_direction-AP_echo-3_part-mag_run-01_suffix-noRF_task-bao_acquisition-VARIANTObliquityTrue	datatype-func_direction-AP_echo-3_part-mag_run-01_suffix-noRF_task-bao__2	datatype-func_direction-AP_echo-3_part-mag_run-01_suffix-noRF_task-bao	2				0.0	0.0	0.0	0.0	0.0	0.0	0.0	1	110	110	72	0.06366	0.000279996	10	68	False	LAS+		func	6.0	72	3	True		2.0	0.75	j-	1.761	0.0305196	False	2.0	2.0	2.0
				datatype-func_direction-AP_echo-3_part-phase_run-01_suffix-noRF_task-bao__1	datatype-func_direction-AP_echo-3_part-phase_run-01_suffix-noRF_task-bao	1				0.0	0.0	0.0	0.0	0.0	0.0	0.0	9	110	110	72	0.06366	0.000279996	10	68	False	LAS+		func	6.0	72	3	False		2.0	0.75	j-	1.761	0.0305196	False	2.0	2.0	2.0
			datatype-func_direction-AP_echo-3_part-phase_run-01_suffix-noRF_task-bao_acquisition-VARIANTObliquityTrue	datatype-func_direction-AP_echo-3_part-phase_run-01_suffix-noRF_task-bao__2	datatype-func_direction-AP_echo-3_part-phase_run-01_suffix-noRF_task-bao	2				0.0	0.0	0.0	0.0	0.0	0.0	0.0	1	110	110	72	0.06366	0.000279996	10	68	False	LAS+		func	6.0	72	3	True		2.0	0.75	j-	1.761	0.0305196	False	2.0	2.0	2.0
				datatype-func_direction-AP_echo-4_part-mag_run-01_suffix-noRF_task-bao__1	datatype-func_direction-AP_echo-4_part-mag_run-01_suffix-noRF_task-bao	1				0.0	0.0	0.0	0.0	0.0	0.0	0.0	9	110	110	72	0.08839	0.000279996	10	68	False	LAS+		func	6.0	72	3	False		2.0	0.75	j-	1.761	0.0305196	False	2.0	2.0	2.0
			datatype-func_direction-AP_echo-4_part-mag_run-01_suffix-noRF_task-bao_acquisition-VARIANTObliquityTrue	datatype-func_direction-AP_echo-4_part-mag_run-01_suffix-noRF_task-bao__2	datatype-func_direction-AP_echo-4_part-mag_run-01_suffix-noRF_task-bao	2				0.0	0.0	0.0	0.0	0.0	0.0	0.0	1	110	110	72	0.08839	0.000279996	10	68	False	LAS+		func	6.0	72	3	True		2.0	0.75	j-	1.761	0.0305196	False	2.0	2.0	2.0
				datatype-func_direction-AP_echo-4_part-phase_run-01_suffix-noRF_task-bao__1	datatype-func_direction-AP_echo-4_part-phase_run-01_suffix-noRF_task-bao	1				0.0	0.0	0.0	0.0	0.0	0.0	0.0	9	110	110	72	0.08839	0.000279996	10	68	False	LAS+		func	6.0	72	3	False		2.0	0.75	j-	1.761	0.0305196	False	2.0	2.0	2.0
			datatype-func_direction-AP_echo-4_part-phase_run-01_suffix-noRF_task-bao_acquisition-VARIANTObliquityTrue	datatype-func_direction-AP_echo-4_part-phase_run-01_suffix-noRF_task-bao__2	datatype-func_direction-AP_echo-4_part-phase_run-01_suffix-noRF_task-bao	2				0.0	0.0	0.0	0.0	0.0	0.0	0.0	1	110	110	72	0.08839	0.000279996	10	68	False	LAS+		func	6.0	72	3	True		2.0	0.75	j-	1.761	0.0305196	False	2.0	2.0	2.0
				datatype-func_direction-AP_echo-5_part-mag_run-01_suffix-noRF_task-bao__1	datatype-func_direction-AP_echo-5_part-mag_run-01_suffix-noRF_task-bao	1				0.0	0.0	0.0	0.0	0.0	0.0	0.0	9	110	110	72	0.11312	0.000279996	10	68	False	LAS+		func	6.0	72	3	False		2.0	0.75	j-	1.761	0.0305196	False	2.0	2.0	2.0
			datatype-func_direction-AP_echo-5_part-mag_run-01_suffix-noRF_task-bao_acquisition-VARIANTObliquityTrue	datatype-func_direction-AP_echo-5_part-mag_run-01_suffix-noRF_task-bao__2	datatype-func_direction-AP_echo-5_part-mag_run-01_suffix-noRF_task-bao	2				0.0	0.0	0.0	0.0	0.0	0.0	0.0	1	110	110	72	0.11312	0.000279996	10	68	False	LAS+		func	6.0	72	3	True		2.0	0.75	j-	1.761	0.0305196	False	2.0	2.0	2.0
				datatype-func_direction-AP_echo-5_part-phase_run-01_suffix-noRF_task-bao__1	datatype-func_direction-AP_echo-5_part-phase_run-01_suffix-noRF_task-bao	1				0.0	0.0	0.0	0.0	0.0	0.0	0.0	9	110	110	72	0.11312	0.000279996	10	68	False	LAS+		func	6.0	72	3	False		2.0	0.75	j-	1.761	0.0305196	False	2.0	2.0	2.0
			datatype-func_direction-AP_echo-5_part-phase_run-01_suffix-noRF_task-bao_acquisition-VARIANTObliquityTrue	datatype-func_direction-AP_echo-5_part-phase_run-01_suffix-noRF_task-bao__2	datatype-func_direction-AP_echo-5_part-phase_run-01_suffix-noRF_task-bao	2				0.0	0.0	0.0	0.0	0.0	0.0	0.0	1	110	110	72	0.11312	0.000279996	10	68	False	LAS+		func	6.0	72	3	True		2.0	0.75	j-	1.761	0.0305196	False	2.0	2.0	2.0
				datatype-func_direction-AP_echo-1_part-mag_run-01_suffix-bold_task-rest__1	datatype-func_direction-AP_echo-1_part-mag_run-01_suffix-bold_task-rest	1											1	110	110	72	0.0142	0.000279996	1	68	False	LAS+		func	6.0	72	201	False		2.0	0.75	j-	1.761	0.0305196	False	2.0	2.0	2.0
				datatype-func_direction-AP_echo-1_part-mag_run-01_suffix-noRF_task-rest__1	datatype-func_direction-AP_echo-1_part-mag_run-01_suffix-noRF_task-rest	1											1	110	110	72	0.0142	0.000279996	1	68	False	LAS+		func	6.0	72	3	False		2.0	0.75	j-	1.761	0.0305196	False	2.0	2.0	2.0
				datatype-func_direction-AP_echo-1_part-mag_run-01_suffix-sbref_task-rest__1	datatype-func_direction-AP_echo-1_part-mag_run-01_suffix-sbref_task-rest	1											1	110	110	72	0.0142	0.000279996	1	68	False	LAS+		func		72	1	False		2.0	0.75	j-	1.761	0.0305196	False	2.0	2.0	2.0
				datatype-func_direction-AP_echo-1_part-mag_run-02_suffix-bold_task-bao__1	datatype-func_direction-AP_echo-1_part-mag_run-02_suffix-bold_task-bao	1											1	110	110	72	0.0142	0.000279996	1	68	False	LAS+		func	6.0	72	243	False		2.0	0.75	j-	1.761	0.0305196	False	2.0	2.0	2.0
				datatype-func_direction-AP_echo-1_part-mag_run-02_suffix-noRF_task-bao__1	datatype-func_direction-AP_echo-1_part-mag_run-02_suffix-noRF_task-bao	1											1	110	110	72	0.0142	0.000279996	1	68	False	LAS+		func	6.0	72	3	False		2.0	0.75	j-	1.761	0.0305196	False	2.0	2.0	2.0
				datatype-func_direction-AP_echo-1_part-mag_run-02_suffix-sbref_task-bao__1	datatype-func_direction-AP_echo-1_part-mag_run-02_suffix-sbref_task-bao	1											1	110	110	72	0.0142	0.000279996	1	68	False	LAS+		func		72	1	False		2.0	0.75	j-	1.761	0.0305196	False	2.0	2.0	2.0
				datatype-func_direction-AP_echo-1_part-phase_run-01_suffix-bold_task-rest__1	datatype-func_direction-AP_echo-1_part-phase_run-01_suffix-bold_task-rest	1											1	110	110	72	0.0142	0.000279996	1	68	False	LAS+		func	6.0	72	201	False		2.0	0.75	j-	1.761	0.0305196	False	2.0	2.0	2.0
				datatype-func_direction-AP_echo-1_part-phase_run-01_suffix-noRF_task-rest__1	datatype-func_direction-AP_echo-1_part-phase_run-01_suffix-noRF_task-rest	1											1	110	110	72	0.0142	0.000279996	1	68	False	LAS+		func	6.0	72	3	False		2.0	0.75	j-	1.761	0.0305196	False	2.0	2.0	2.0
				datatype-func_direction-AP_echo-1_part-phase_run-01_suffix-sbref_task-rest__1	datatype-func_direction-AP_echo-1_part-phase_run-01_suffix-sbref_task-rest	1											1	110	110	72	0.0142	0.000279996	1	68	False	LAS+		func		72	1	False		2.0	0.75	j-	1.761	0.0305196	False	2.0	2.0	2.0
				datatype-func_direction-AP_echo-1_part-phase_run-02_suffix-bold_task-bao__1	datatype-func_direction-AP_echo-1_part-phase_run-02_suffix-bold_task-bao	1											1	110	110	72	0.0142	0.000279996	1	68	False	LAS+		func	6.0	72	243	False		2.0	0.75	j-	1.761	0.0305196	False	2.0	2.0	2.0
				datatype-func_direction-AP_echo-1_part-phase_run-02_suffix-noRF_task-bao__1	datatype-func_direction-AP_echo-1_part-phase_run-02_suffix-noRF_task-bao	1											1	110	110	72	0.0142	0.000279996	1	68	False	LAS+		func	6.0	72	3	False		2.0	0.75	j-	1.761	0.0305196	False	2.0	2.0	2.0
				datatype-func_direction-AP_echo-1_part-phase_run-02_suffix-sbref_task-bao__1	datatype-func_direction-AP_echo-1_part-phase_run-02_suffix-sbref_task-bao	1											1	110	110	72	0.0142	0.000279996	1	68	False	LAS+		func		72	1	False		2.0	0.75	j-	1.761	0.0305196	False	2.0	2.0	2.0
				datatype-func_direction-AP_echo-2_part-mag_run-01_suffix-bold_task-rest__1	datatype-func_direction-AP_echo-2_part-mag_run-01_suffix-bold_task-rest	1											1	110	110	72	0.03893	0.000279996	1	68	False	LAS+		func	6.0	72	201	False		2.0	0.75	j-	1.761	0.0305196	False	2.0	2.0	2.0
				datatype-func_direction-AP_echo-2_part-mag_run-01_suffix-noRF_task-rest__1	datatype-func_direction-AP_echo-2_part-mag_run-01_suffix-noRF_task-rest	1											1	110	110	72	0.03893	0.000279996	1	68	False	LAS+		func	6.0	72	3	False		2.0	0.75	j-	1.761	0.0305196	False	2.0	2.0	2.0
				datatype-func_direction-AP_echo-2_part-mag_run-01_suffix-sbref_task-rest__1	datatype-func_direction-AP_echo-2_part-mag_run-01_suffix-sbref_task-rest	1											1	110	110	72	0.03893	0.000279996	1	68	False	LAS+		func		72	1	False		2.0	0.75	j-	1.761	0.0305196	False	2.0	2.0	2.0
				datatype-func_direction-AP_echo-2_part-mag_run-02_suffix-bold_task-bao__1	datatype-func_direction-AP_echo-2_part-mag_run-02_suffix-bold_task-bao	1											1	110	110	72	0.03893	0.000279996	1	68	False	LAS+		func	6.0	72	243	False		2.0	0.75	j-	1.761	0.0305196	False	2.0	2.0	2.0
				datatype-func_direction-AP_echo-2_part-mag_run-02_suffix-noRF_task-bao__1	datatype-func_direction-AP_echo-2_part-mag_run-02_suffix-noRF_task-bao	1											1	110	110	72	0.03893	0.000279996	1	68	False	LAS+		func	6.0	72	3	False		2.0	0.75	j-	1.761	0.0305196	False	2.0	2.0	2.0
				datatype-func_direction-AP_echo-2_part-mag_run-02_suffix-sbref_task-bao__1	datatype-func_direction-AP_echo-2_part-mag_run-02_suffix-sbref_task-bao	1											1	110	110	72	0.03893	0.000279996	1	68	False	LAS+		func		72	1	False		2.0	0.75	j-	1.761	0.0305196	False	2.0	2.0	2.0
				datatype-func_direction-AP_echo-2_part-phase_run-01_suffix-bold_task-rest__1	datatype-func_direction-AP_echo-2_part-phase_run-01_suffix-bold_task-rest	1											1	110	110	72	0.03893	0.000279996	1	68	False	LAS+		func	6.0	72	201	False		2.0	0.75	j-	1.761	0.0305196	False	2.0	2.0	2.0
				datatype-func_direction-AP_echo-2_part-phase_run-01_suffix-noRF_task-rest__1	datatype-func_direction-AP_echo-2_part-phase_run-01_suffix-noRF_task-rest	1											1	110	110	72	0.03893	0.000279996	1	68	False	LAS+		func	6.0	72	3	False		2.0	0.75	j-	1.761	0.0305196	False	2.0	2.0	2.0
				datatype-func_direction-AP_echo-2_part-phase_run-01_suffix-sbref_task-rest__1	datatype-func_direction-AP_echo-2_part-phase_run-01_suffix-sbref_task-rest	1											1	110	110	72	0.03893	0.000279996	1	68	False	LAS+		func		72	1	False		2.0	0.75	j-	1.761	0.0305196	False	2.0	2.0	2.0
				datatype-func_direction-AP_echo-2_part-phase_run-02_suffix-bold_task-bao__1	datatype-func_direction-AP_echo-2_part-phase_run-02_suffix-bold_task-bao	1											1	110	110	72	0.03893	0.000279996	1	68	False	LAS+		func	6.0	72	243	False		2.0	0.75	j-	1.761	0.0305196	False	2.0	2.0	2.0
				datatype-func_direction-AP_echo-2_part-phase_run-02_suffix-noRF_task-bao__1	datatype-func_direction-AP_echo-2_part-phase_run-02_suffix-noRF_task-bao	1											1	110	110	72	0.03893	0.000279996	1	68	False	LAS+		func	6.0	72	3	False		2.0	0.75	j-	1.761	0.0305196	False	2.0	2.0	2.0
				datatype-func_direction-AP_echo-2_part-phase_run-02_suffix-sbref_task-bao__1	datatype-func_direction-AP_echo-2_part-phase_run-02_suffix-sbref_task-bao	1											1	110	110	72	0.03893	0.000279996	1	68	False	LAS+		func		72	1	False		2.0	0.75	j-	1.761	0.0305196	False	2.0	2.0	2.0
				datatype-func_direction-AP_echo-3_part-mag_run-01_suffix-bold_task-rest__1	datatype-func_direction-AP_echo-3_part-mag_run-01_suffix-bold_task-rest	1											1	110	110	72	0.06366	0.000279996	1	68	False	LAS+		func	6.0	72	201	False		2.0	0.75	j-	1.761	0.0305196	False	2.0	2.0	2.0
				datatype-func_direction-AP_echo-3_part-mag_run-01_suffix-noRF_task-rest__1	datatype-func_direction-AP_echo-3_part-mag_run-01_suffix-noRF_task-rest	1											1	110	110	72	0.06366	0.000279996	1	68	False	LAS+		func	6.0	72	3	False		2.0	0.75	j-	1.761	0.0305196	False	2.0	2.0	2.0
				datatype-func_direction-AP_echo-3_part-mag_run-01_suffix-sbref_task-rest__1	datatype-func_direction-AP_echo-3_part-mag_run-01_suffix-sbref_task-rest	1											1	110	110	72	0.06366	0.000279996	1	68	False	LAS+		func		72	1	False		2.0	0.75	j-	1.761	0.0305196	False	2.0	2.0	2.0
				datatype-func_direction-AP_echo-3_part-mag_run-02_suffix-bold_task-bao__1	datatype-func_direction-AP_echo-3_part-mag_run-02_suffix-bold_task-bao	1											1	110	110	72	0.06366	0.000279996	1	68	False	LAS+		func	6.0	72	243	False		2.0	0.75	j-	1.761	0.0305196	False	2.0	2.0	2.0
				datatype-func_direction-AP_echo-3_part-mag_run-02_suffix-noRF_task-bao__1	datatype-func_direction-AP_echo-3_part-mag_run-02_suffix-noRF_task-bao	1											1	110	110	72	0.06366	0.000279996	1	68	False	LAS+		func	6.0	72	3	False		2.0	0.75	j-	1.761	0.0305196	False	2.0	2.0	2.0
				datatype-func_direction-AP_echo-3_part-mag_run-02_suffix-sbref_task-bao__1	datatype-func_direction-AP_echo-3_part-mag_run-02_suffix-sbref_task-bao	1											1	110	110	72	0.06366	0.000279996	1	68	False	LAS+		func		72	1	False		2.0	0.75	j-	1.761	0.0305196	False	2.0	2.0	2.0
				datatype-func_direction-AP_echo-3_part-phase_run-01_suffix-bold_task-rest__1	datatype-func_direction-AP_echo-3_part-phase_run-01_suffix-bold_task-rest	1											1	110	110	72	0.06366	0.000279996	1	68	False	LAS+		func	6.0	72	201	False		2.0	0.75	j-	1.761	0.0305196	False	2.0	2.0	2.0
				datatype-func_direction-AP_echo-3_part-phase_run-01_suffix-noRF_task-rest__1	datatype-func_direction-AP_echo-3_part-phase_run-01_suffix-noRF_task-rest	1											1	110	110	72	0.06366	0.000279996	1	68	False	LAS+		func	6.0	72	3	False		2.0	0.75	j-	1.761	0.0305196	False	2.0	2.0	2.0
				datatype-func_direction-AP_echo-3_part-phase_run-01_suffix-sbref_task-rest__1	datatype-func_direction-AP_echo-3_part-phase_run-01_suffix-sbref_task-rest	1											1	110	110	72	0.06366	0.000279996	1	68	False	LAS+		func		72	1	False		2.0	0.75	j-	1.761	0.0305196	False	2.0	2.0	2.0
				datatype-func_direction-AP_echo-3_part-phase_run-02_suffix-bold_task-bao__1	datatype-func_direction-AP_echo-3_part-phase_run-02_suffix-bold_task-bao	1											1	110	110	72	0.06366	0.000279996	1	68	False	LAS+		func	6.0	72	243	False		2.0	0.75	j-	1.761	0.0305196	False	2.0	2.0	2.0
				datatype-func_direction-AP_echo-3_part-phase_run-02_suffix-noRF_task-bao__1	datatype-func_direction-AP_echo-3_part-phase_run-02_suffix-noRF_task-bao	1											1	110	110	72	0.06366	0.000279996	1	68	False	LAS+		func	6.0	72	3	False		2.0	0.75	j-	1.761	0.0305196	False	2.0	2.0	2.0
				datatype-func_direction-AP_echo-3_part-phase_run-02_suffix-sbref_task-bao__1	datatype-func_direction-AP_echo-3_part-phase_run-02_suffix-sbref_task-bao	1											1	110	110	72	0.06366	0.000279996	1	68	False	LAS+		func		72	1	False		2.0	0.75	j-	1.761	0.0305196	False	2.0	2.0	2.0
				datatype-func_direction-AP_echo-4_part-mag_run-01_suffix-bold_task-rest__1	datatype-func_direction-AP_echo-4_part-mag_run-01_suffix-bold_task-rest	1											1	110	110	72	0.08839	0.000279996	1	68	False	LAS+		func	6.0	72	201	False		2.0	0.75	j-	1.761	0.0305196	False	2.0	2.0	2.0
				datatype-func_direction-AP_echo-4_part-mag_run-01_suffix-noRF_task-rest__1	datatype-func_direction-AP_echo-4_part-mag_run-01_suffix-noRF_task-rest	1											1	110	110	72	0.08839	0.000279996	1	68	False	LAS+		func	6.0	72	3	False		2.0	0.75	j-	1.761	0.0305196	False	2.0	2.0	2.0
				datatype-func_direction-AP_echo-4_part-mag_run-01_suffix-sbref_task-rest__1	datatype-func_direction-AP_echo-4_part-mag_run-01_suffix-sbref_task-rest	1											1	110	110	72	0.08839	0.000279996	1	68	False	LAS+		func		72	1	False		2.0	0.75	j-	1.761	0.0305196	False	2.0	2.0	2.0
				datatype-func_direction-AP_echo-4_part-mag_run-02_suffix-bold_task-bao__1	datatype-func_direction-AP_echo-4_part-mag_run-02_suffix-bold_task-bao	1											1	110	110	72	0.08839	0.000279996	1	68	False	LAS+		func	6.0	72	243	False		2.0	0.75	j-	1.761	0.0305196	False	2.0	2.0	2.0
				datatype-func_direction-AP_echo-4_part-mag_run-02_suffix-noRF_task-bao__1	datatype-func_direction-AP_echo-4_part-mag_run-02_suffix-noRF_task-bao	1											1	110	110	72	0.08839	0.000279996	1	68	False	LAS+		func	6.0	72	3	False		2.0	0.75	j-	1.761	0.0305196	False	2.0	2.0	2.0
				datatype-func_direction-AP_echo-4_part-mag_run-02_suffix-sbref_task-bao__1	datatype-func_direction-AP_echo-4_part-mag_run-02_suffix-sbref_task-bao	1											1	110	110	72	0.08839	0.000279996	1	68	False	LAS+		func		72	1	False		2.0	0.75	j-	1.761	0.0305196	False	2.0	2.0	2.0
				datatype-func_direction-AP_echo-4_part-phase_run-01_suffix-bold_task-rest__1	datatype-func_direction-AP_echo-4_part-phase_run-01_suffix-bold_task-rest	1											1	110	110	72	0.08839	0.000279996	1	68	False	LAS+		func	6.0	72	201	False		2.0	0.75	j-	1.761	0.0305196	False	2.0	2.0	2.0
				datatype-func_direction-AP_echo-4_part-phase_run-01_suffix-noRF_task-rest__1	datatype-func_direction-AP_echo-4_part-phase_run-01_suffix-noRF_task-rest	1											1	110	110	72	0.08839	0.000279996	1	68	False	LAS+		func	6.0	72	3	False		2.0	0.75	j-	1.761	0.0305196	False	2.0	2.0	2.0
				datatype-func_direction-AP_echo-4_part-phase_run-01_suffix-sbref_task-rest__1	datatype-func_direction-AP_echo-4_part-phase_run-01_suffix-sbref_task-rest	1											1	110	110	72	0.08839	0.000279996	1	68	False	LAS+		func		72	1	False		2.0	0.75	j-	1.761	0.0305196	False	2.0	2.0	2.0
				datatype-func_direction-AP_echo-4_part-phase_run-02_suffix-bold_task-bao__1	datatype-func_direction-AP_echo-4_part-phase_run-02_suffix-bold_task-bao	1											1	110	110	72	0.08839	0.000279996	1	68	False	LAS+		func	6.0	72	243	False		2.0	0.75	j-	1.761	0.0305196	False	2.0	2.0	2.0
				datatype-func_direction-AP_echo-4_part-phase_run-02_suffix-noRF_task-bao__1	datatype-func_direction-AP_echo-4_part-phase_run-02_suffix-noRF_task-bao	1											1	110	110	72	0.08839	0.000279996	1	68	False	LAS+		func	6.0	72	3	False		2.0	0.75	j-	1.761	0.0305196	False	2.0	2.0	2.0
				datatype-func_direction-AP_echo-4_part-phase_run-02_suffix-sbref_task-bao__1	datatype-func_direction-AP_echo-4_part-phase_run-02_suffix-sbref_task-bao	1											1	110	110	72	0.08839	0.000279996	1	68	False	LAS+		func		72	1	False		2.0	0.75	j-	1.761	0.0305196	False	2.0	2.0	2.0
				datatype-func_direction-AP_echo-5_part-mag_run-01_suffix-bold_task-rest__1	datatype-func_direction-AP_echo-5_part-mag_run-01_suffix-bold_task-rest	1											1	110	110	72	0.11312	0.000279996	1	68	False	LAS+		func	6.0	72	201	False		2.0	0.75	j-	1.761	0.0305196	False	2.0	2.0	2.0
				datatype-func_direction-AP_echo-5_part-mag_run-01_suffix-noRF_task-rest__1	datatype-func_direction-AP_echo-5_part-mag_run-01_suffix-noRF_task-rest	1											1	110	110	72	0.11312	0.000279996	1	68	False	LAS+		func	6.0	72	3	False		2.0	0.75	j-	1.761	0.0305196	False	2.0	2.0	2.0
				datatype-func_direction-AP_echo-5_part-mag_run-01_suffix-sbref_task-rest__1	datatype-func_direction-AP_echo-5_part-mag_run-01_suffix-sbref_task-rest	1											1	110	110	72	0.11312	0.000279996	1	68	False	LAS+		func		72	1	False		2.0	0.75	j-	1.761	0.0305196	False	2.0	2.0	2.0
				datatype-func_direction-AP_echo-5_part-mag_run-02_suffix-bold_task-bao__1	datatype-func_direction-AP_echo-5_part-mag_run-02_suffix-bold_task-bao	1											1	110	110	72	0.11312	0.000279996	1	68	False	LAS+		func	6.0	72	243	False		2.0	0.75	j-	1.761	0.0305196	False	2.0	2.0	2.0
				datatype-func_direction-AP_echo-5_part-mag_run-02_suffix-noRF_task-bao__1	datatype-func_direction-AP_echo-5_part-mag_run-02_suffix-noRF_task-bao	1											1	110	110	72	0.11312	0.000279996	1	68	False	LAS+		func	6.0	72	3	False		2.0	0.75	j-	1.761	0.0305196	False	2.0	2.0	2.0
				datatype-func_direction-AP_echo-5_part-mag_run-02_suffix-sbref_task-bao__1	datatype-func_direction-AP_echo-5_part-mag_run-02_suffix-sbref_task-bao	1											1	110	110	72	0.11312	0.000279996	1	68	False	LAS+		func		72	1	False		2.0	0.75	j-	1.761	0.0305196	False	2.0	2.0	2.0
				datatype-func_direction-AP_echo-5_part-phase_run-01_suffix-bold_task-rest__1	datatype-func_direction-AP_echo-5_part-phase_run-01_suffix-bold_task-rest	1											1	110	110	72	0.11312	0.000279996	1	68	False	LAS+		func	6.0	72	201	False		2.0	0.75	j-	1.761	0.0305196	False	2.0	2.0	2.0
				datatype-func_direction-AP_echo-5_part-phase_run-01_suffix-noRF_task-rest__1	datatype-func_direction-AP_echo-5_part-phase_run-01_suffix-noRF_task-rest	1											1	110	110	72	0.11312	0.000279996	1	68	False	LAS+		func	6.0	72	3	False		2.0	0.75	j-	1.761	0.0305196	False	2.0	2.0	2.0
				datatype-func_direction-AP_echo-5_part-phase_run-01_suffix-sbref_task-rest__1	datatype-func_direction-AP_echo-5_part-phase_run-01_suffix-sbref_task-rest	1											1	110	110	72	0.11312	0.000279996	1	68	False	LAS+		func		72	1	False		2.0	0.75	j-	1.761	0.0305196	False	2.0	2.0	2.0
				datatype-func_direction-AP_echo-5_part-phase_run-02_suffix-bold_task-bao__1	datatype-func_direction-AP_echo-5_part-phase_run-02_suffix-bold_task-bao	1											1	110	110	72	0.11312	0.000279996	1	68	False	LAS+		func	6.0	72	243	False		2.0	0.75	j-	1.761	0.0305196	False	2.0	2.0	2.0
				datatype-func_direction-AP_echo-5_part-phase_run-02_suffix-noRF_task-bao__1	datatype-func_direction-AP_echo-5_part-phase_run-02_suffix-noRF_task-bao	1											1	110	110	72	0.11312	0.000279996	1	68	False	LAS+		func	6.0	72	3	False		2.0	0.75	j-	1.761	0.0305196	False	2.0	2.0	2.0
				datatype-func_direction-AP_echo-5_part-phase_run-02_suffix-sbref_task-bao__1	datatype-func_direction-AP_echo-5_part-phase_run-02_suffix-sbref_task-bao	1											1	110	110	72	0.11312	0.000279996	1	68	False	LAS+		func		72	1	False		2.0	0.75	j-	1.761	0.0305196	False	2.0	2.0	2.0
				datatype-perf_run-01_suffix-asl__1	datatype-perf_run-01_suffix-asl	1	PCASL	True	4.0	0.0		0.0		0.0	0.0	0.0	6	80	80	44	0.01078		11	120	False	LAS+	Separate	perf		0	8	False	unbalanced		1.0		34.3293		False	3.0	3.0	3.0
			datatype-perf_run-01_suffix-asl_acquisition-VARIANTRepetitionTimeC2	datatype-perf_run-01_suffix-asl__2	datatype-perf_run-01_suffix-asl	2	PCASL	True	4.0	0.0		2.0		0.0	0.0	0.0	3	80	80	44	0.01078		11	120	False	LAS+	Separate	perf		0	8	False	unbalanced		1.0		34.3296		False	3.0	3.0	3.0
			datatype-perf_run-01_suffix-asl_acquisition-VARIANTEchoTimeC1FlipAngle75RepetitionTimeC1	datatype-perf_run-01_suffix-asl__3	datatype-perf_run-01_suffix-asl	3	PCASL	True	4.0	1.0		1.0		0.0	0.0	0.0	2	80	80	44	0.00823		11	75	False	LAS+	Separate	perf		0	8	False	unbalanced		1.0		34.1754		False	3.0	3.0	3.0
				datatype-perf_run-01_suffix-cbf__1	datatype-perf_run-01_suffix-cbf	1				0.0		0.0		0.0	0.0	0.0	9	80	80	44	0.01078		11	120	False	RAS+		perf		0	1	False			1.0		5.0		False	3.0	3.0	3.0
			datatype-perf_run-01_suffix-cbf_acquisition-VARIANTEchoTimeC1FlipAngle75	datatype-perf_run-01_suffix-cbf__2	datatype-perf_run-01_suffix-cbf	2				1.0		0.0		0.0	0.0	0.0	2	80	80	44	0.00823		11	75	False	RAS+		perf		0	1	False			1.0		5.0		False	3.0	3.0	3.0
				datatype-perf_run-01_suffix-m0scan__1	datatype-perf_run-01_suffix-m0scan	1				0.0		0.0		0.0	0.0	0.0	9	80	80	44	0.01078		11	120	False	LAS+		perf		0	1	False			1.0		5.0		True	3.0	3.0	3.0
			datatype-perf_run-01_suffix-m0scan_acquisition-VARIANTEchoTimeC1FlipAngle75	datatype-perf_run-01_suffix-m0scan__2	datatype-perf_run-01_suffix-m0scan	2				1.0		0.0		0.0	0.0	0.0	2	80	80	44	0.00823		11	75	False	LAS+		perf		0	1	False			1.0		5.0		True	3.0	3.0	3.0
